ticker_yf,ticker_display,name,market,sector,price,currency,market_cap,ocf,revenue_growth,earnings_growth,ttm_ocf,ttm_net_income,ttm_depreciation,pcf,cf_method,revenue_trend,cf_trend,pcf_display,market_cap_b,pcf_color
005930.KS,005930,삼성전자,Korea,Technology,190100.0,KRW,1271024402252600.0,85315148000000.0,0.238,1.622,85315148000000.0,44260954996736.0,43605740000000.0,14.897992115686185,OCF,Uptrend ↗,Uptrend ↗,14.9x,1271024.4022526,14.897992115686185
000660.KS,000660,SK하이닉스,Korea,Technology,949000.0,KRW,655242049332000.0,29795885000000.0,0.661,0.86,29795885000000.0,42919285227520.0,11985337000000.0,21.991024912735433,OCF,Uptrend ↗,Uptrend ↗,22.0x,655242.049332,21.991024912735433
005935.KS,005935,삼성전자우,Korea,Technology,135100.0,KRW,1229628014923000.0,85315148000000.0,0.238,1.622,85315148000000.0,44260954996736.0,43605740000000.0,14.412774797307977,OCF,Uptrend ↗,Uptrend ↗,14.4x,1229628.014923,14.412774797307977
005380.KS,005380,현대차,Korea,Consumer Cyclical,509000.0,KRW,132490978562000.0,-5661641000000.0,0.0,0.0,-5661641000000.0,9446000427008.0,3397606000000.0,-23.40151531366966,OCF,Flat ➡,Flat ➡,-23.4x,132490.978562,-23.40151531366966
373220.KS,373220,LG에너지솔루션,Korea,Industrials,401500.0,KRW,93951000000000.0,5111700000000.0,-0.171,0.856,5111700000000.0,-875666997248.0,2856045000000.0,18.37959974176888,OCF,Downtrend ↘,Uptrend ↗,18.4x,93951.0,18.37959974176888
207940.KS,207940,삼성바이오로직스,Korea,Healthcare,1736000.0,KRW,80361090936000.0,1659255402660.0,0.0,0.0,1659255402660.0,1614000029696.0,304356335470.0,48.43202005379692,OCF,Flat ➡,Flat ➡,48.4x,80361.090936,48.43202005379692
402340.KS,402340,SK스퀘어,Korea,Technology,580000.0,KRW,76488261540000.0,189954000000.0,0.833,1.204,189954000000.0,7033473990656.0,103629000000.0,402.66728544805585,OCF,Uptrend ↗,Uptrend ↗,402.7x,76488.26154,402.66728544805585
000270.KS,000270,기아,Korea,Consumer Cyclical,171800.0,KRW,66421920736000.0,12564368000000.0,0.082,-0.367,12564368000000.0,7828534198272.0,2009751000000.0,5.2865309847658075,OCF,Uptrend ↗,Downtrend ↘,5.3x,66421.920736,5.2865309847658075
034020.KS,034020,두산에너빌리티,Korea,Industrials,103500.0,KRW,66288144888000.0,242204000000.0,0.143,0.0,242204000000.0,-101951995904.0,350299000000.0,273.687242522832,OCF,Uptrend ↗,Flat ➡,273.7x,66288.144888,273.687242522832
012450.KS,012450,한화에어로스페이스,Korea,Industrials,1242000.0,KRW,63899394696000.0,1392972633690.0,1.465,0.454,1392972633690.0,2618964049920.0,259025920000.0,45.87268489742673,OCF,Uptrend ↗,Uptrend ↗,45.9x,63899.394696,45.87268489742673
329180.KS,329180,HD현대중공업,Korea,Industrials,602000.0,KRW,63186657450000.0,2883882708000.0,0.224,4.967,2883882708000.0,1292510167040.0,292838000000.0,21.910273006151677,OCF,Uptrend ↗,Uptrend ↗,21.9x,63186.65745,21.910273006151677
105560.KS,105560,KB금융,Korea,Financial Services,168800.0,KRW,60529607473600.0,4020186000000.0,6.199,0.036,4020186000000.0,5842973753344.0,,15.056419646653165,OCF,Uptrend ↗,Flat ➡,15.1x,60529.6074736,15.056419646653165
028260.KS,028260,삼성물산,Korea,Industrials,331000.0,KRW,54163241601000.0,3306879187570.0,-0.015,0.252,3306879187570.0,2094448508928.0,933089150960.0,16.37895989807867,OCF,Flat ➡,Uptrend ↗,16.4x,54163.241601,16.37895989807867
068270.KS,068270,셀트리온,Korea,Healthcare,242000.0,KRW,52943630344000.0,901870301320.0,0.167,2.968,901870301320.0,737835352064.0,72611626000.0,58.70426187281073,OCF,Uptrend ↗,Uptrend ↗,58.7x,52943.630344,58.70426187281073
055550.KS,055550,신한지주,Korea,Financial Services,102000.0,KRW,48414744720000.0,4626299000000.0,4.197,0.293,4626299000000.0,4971560960000.0,1280382000000.0,10.46511362970703,OCF,Uptrend ↗,Uptrend ↗,10.5x,48414.74472,10.46511362970703
042660.KS,042660,한화오션,Korea,Industrials,149900.0,KRW,45928938331300.0,-2904574465560.0,0.118,0.0,-2904574465560.0,1189638701056.0,173293000000.0,-15.81262208143971,OCF,Uptrend ↗,Flat ➡,-15.8x,45928.9383313,-15.81262208143971
032830.KS,032830,삼성생명,Korea,Financial Services,219000.0,KRW,39326876601000.0,4999558000000.0,0.0,0.073,4999558000000.0,2181828968448.0,213970000000.0,7.866070680848187,OCF,Flat ➡,Uptrend ↗,7.9x,39326.876601,7.866070680848187
015760.KS,015760,한국전력,Korea,Utilities,63000.0,KRW,40443736851000.0,15876116000000.0,0.056,1.031,15876116000000.0,8236387794944.0,13833788000000.0,2.547457882708844,OCF,Uptrend ↗,Uptrend ↗,2.5x,40443.736851,2.547457882708844
006800.KS,006800,미래에셋증권,Korea,Financial Services,70900.0,KRW,41425710005100.0,-10250278932210.0,13.817,0.0,-10250278932210.0,812370755584.0,151002000000.0,-4.041422704598387,OCF,Uptrend ↗,Flat ➡,-4.0x,41425.7100051,-4.041422704598387
012330.KS,012330,현대모비스,Korea,Consumer Cyclical,443000.0,KRW,39555753520000.0,4252694000000.0,0.074,0.02,4252694000000.0,4171488821248.0,902938000000.0,9.301340166962401,OCF,Uptrend ↗,Flat ➡,9.3x,39555.75352,9.301340166962401
035420.KS,035420,NAVER,Korea,Communication Services,254500.0,KRW,38043886690000.0,2589874337740.0,0.107,0.0,2589874337740.0,1820300017664.0,608579794000.0,14.689472047202957,OCF,Uptrend ↗,Flat ➡,14.7x,38043.88669,14.689472047202957
086790.KS,086790,하나금융지주,Korea,Financial Services,131300.0,KRW,35974337378200.0,-2451814000000.0,-0.033,0.011,-2451814000000.0,3796256948224.0,1480620000000.0,-14.672539343604369,OCF,Flat ➡,Flat ➡,-14.7x,35974.3373782,-14.672539343604369
267260.KS,267260,HD현대일렉트릭,Korea,Industrials,1011000.0,KRW,36388623744000.0,1033722426190.0,0.426,0.0,1033722426190.0,616846393344.0,56505000000.0,35.201542330969716,OCF,Uptrend ↗,Flat ➡,35.2x,36388.623744,35.201542330969716
010130.KS,010130,고려아연,Korea,Basic Materials,1663000.0,KRW,30239187108000.0,515812554310.0,0.396,0.0,515812554310.0,316974628864.0,339828576000.0,58.624372081154206,OCF,Uptrend ↗,Flat ➡,58.6x,30239.187108,58.624372081154206
006400.KS,006400,삼성SDI,Korea,Industrials,402000.0,KRW,31634841270000.0,-137613377770.0,0.028,0.0,-137613377770.0,-648999993344.0,1795267751000.0,-229.88202006692157,OCF,Flat ➡,Flat ➡,-229.9x,31634.84127,-229.88202006692157
009540.KS,009540,HD한국조선해양,Korea,Industrials,452000.0,KRW,31963012760000.0,4288660178000.0,0.214,3.193,4288660178000.0,2025353641984.0,504096000000.0,7.452913365335891,OCF,Uptrend ↗,Uptrend ↗,7.5x,31963.01276,7.452913365335891
005490.KS,005490,POSCO홀딩스,Korea,Basic Materials,394000.0,KRW,29794586926000.0,6663655000000.0,-0.054,0.0,6663655000000.0,657999986688.0,3530770000000.0,4.47120790707202,OCF,Downtrend ↘,Flat ➡,4.5x,29794.586926,4.47120790707202
316140.KS,316140,우리금융지주,Korea,Financial Services,40800.0,KRW,29824556995200.0,-6129300000000.0,-0.005,0.42,-6129300000000.0,3069542924288.0,1163799000000.0,-4.865899367823405,OCF,Flat ➡,Uptrend ↗,-4.9x,29824.5569952,-4.865899367823405
000810.KS,000810,삼성화재,Korea,Financial Services,618000.0,KRW,26270880888000.0,3127018161730.0,-0.025,-0.09,3127018161730.0,1747363692544.0,162283000000.0,8.40125625412608,OCF,Flat ➡,Downtrend ↘,8.4x,26270.880888,8.40125625412608
009150.KS,009150,삼성전기,Korea,Technology,377000.0,KRW,28481313250000.0,1429819006720.0,0.105,0.836,1429819006720.0,600961515520.0,789923566000.0,19.91952346145967,OCF,Uptrend ↗,Uptrend ↗,19.9x,28481.31325,19.91952346145967
034730.KS,034730,SK,Korea,Industrials,381500.0,KRW,20800144526000.0,8110330000000.0,0.033,0.69,8110330000000.0,-48195764224.0,6530626000000.0,2.5646483590680034,OCF,Flat ➡,Uptrend ↗,2.6x,20800.144526,2.5646483590680034
010140.KS,010140,삼성중공업,Korea,Industrials,29500.0,KRW,25197437272000.0,654519940130.0,0.134,0.911,654519940130.0,351603687424.0,285634413000.0,38.49758537073036,OCF,Uptrend ↗,Uptrend ↗,38.5x,25197.437272,38.49758537073036
035720.KS,035720,카카오,Korea,Communication Services,57900.0,KRW,25468902328500.0,1250459006330.0,0.086,0.155,1250459006330.0,232500985856.0,575667922000.0,20.367642761236333,OCF,Uptrend ↗,Uptrend ↗,20.4x,25468.9023285,20.367642761236333
138040.KS,138040,메리츠금융지주,Korea,Financial Services,146200.0,KRW,24904216191200.0,-3918171095150.0,0.185,0.065,-3918171095150.0,2283427069952.0,69000058220.0,-6.356081852073024,OCF,Uptrend ↗,Uptrend ↗,-6.4x,24904.2161912,-6.356081852073024
298040.KS,298040,효성중공업,Korea,Industrials,2633000.0,KRW,24517814053000.0,412091967120.0,0.418,1.032,412091967120.0,435948781568.0,58919000000.0,59.49597664897089,OCF,Uptrend ↗,Uptrend ↗,59.5x,24517.814053,59.49597664897089
064350.KS,064350,현대로템,Korea,Industrials,220000.0,KRW,24011304460000.0,142463409000.0,0.128,0.0,142463409000.0,770000027648.0,32566039000.0,168.54366063920315,OCF,Uptrend ↗,Flat ➡,168.5x,24011.30446,168.54366063920315
051910.KS,051910,LG화학,Korea,Basic Materials,337000.0,KRW,26378709037000.0,7012339000000.0,0.0,0.0,7012339000000.0,-977000005632.0,4200130000000.0,3.761756104061712,OCF,Flat ➡,Flat ➡,3.8x,26378.709037,3.761756104061712
267250.KS,267250,HD현대,Korea,Energy,292000.0,KRW,20635181560000.0,7511489661000.0,0.098,0.0,7511489661000.0,717697384448.0,1671087000000.0,2.747149033185629,OCF,Uptrend ↗,Flat ➡,2.7x,20635.18156,2.747149033185629
024110.KS,024110,기업은행,Korea,Financial Services,28550.0,KRW,22766508502850.0,-19717432000000.0,-0.224,-0.024,-19717432000000.0,2711100063744.0,237760000000.0,-1.1546386214416766,OCF,Downtrend ↘,Flat ➡,-1.2x,22766.50850285,-1.1546386214416766
272210.KS,272210,한화시스템,Korea,Industrials,116500.0,KRW,21784714906500.0,132623693850.0,0.264,15.084,132623693850.0,600541233152.0,92303901000.0,164.25960003149166,OCF,Uptrend ↗,Uptrend ↗,164.3x,21784.7149065,164.25960003149166
011200.KS,011200,HMM,Korea,Industrials,23150.0,KRW,21835959005500.0,4874617000000.0,-0.238,-0.825,4874617000000.0,2399319883776.0,902996000000.0,4.479523007756302,OCF,Downtrend ↘,Downtrend ↘,4.5x,21835.9590055,4.479523007756302
096770.KS,096770,SK이노베이션,Korea,Energy,127600.0,KRW,21323412215600.0,2232521961000.0,0.163,0.0,2232521961000.0,-2072454365184.0,2124635000000.0,9.551266499545982,OCF,Uptrend ↗,Flat ➡,9.6x,21323.4122156,9.551266499545982
033780.KS,033780,KT&G,Korea,Consumer Defensive,177100.0,KRW,18663462302100.0,822275000000.0,0.116,0.721,822275000000.0,1146042056704.0,219081000000.0,22.697348578152077,OCF,Uptrend ↗,Uptrend ↗,22.7x,18663.4623021,22.697348578152077
010120.KS,010120,LS ELECTRIC,Korea,Industrials,691000.0,KRW,20527323481000.0,230146922120.0,0.191,0.973,230146922120.0,265973268480.0,101845897890.0,89.19225724121102,OCF,Uptrend ↗,Uptrend ↗,89.2x,20527.323481,89.19225724121102
003670.KS,003670,포스코퓨처엠,Korea,Industrials,233000.0,KRW,20724460872000.0,670850270370.0,-0.052,11.928,670850270370.0,-19171942400.0,173879396000.0,30.89282629426333,OCF,Downtrend ↘,Uptrend ↗,30.9x,20724.460872,30.89282629426333
086280.KS,086280,현대글로비스,Korea,Industrials,270000.0,KRW,20250000000000.0,2122406804060.0,-0.015,0.025,2122406804060.0,1389602144256.0,655016593000.0,9.541054976483922,OCF,Flat ➡,Flat ➡,9.5x,20250.0,9.541054976483922
066570.KS,066570,LG전자,Korea,Technology,123600.0,KRW,22256149813200.0,3842661000000.0,0.048,0.0,3842661000000.0,968100020224.0,2992934000000.0,5.7918587700554385,OCF,Flat ➡,Flat ➡,5.8x,22256.1498132,5.7918587700554385
042700.KS,042700,한미반도체,Korea,Technology,200500.0,KRW,19018026901000.0,141363819580.0,-0.203,0.729,141363819580.0,241583423488.0,9540438280.0,134.53249181794638,OCF,Downtrend ↘,Uptrend ↗,134.5x,19018.026901,134.53249181794638
030200.KS,030200,KT,Korea,Communication Services,68900.0,KRW,16614025529400.0,5065796000000.0,0.041,0.0,5065796000000.0,1836800016384.0,3277899000000.0,3.2796475676083285,OCF,Flat ➡,Flat ➡,3.3x,16614.0255294,3.2796475676083285
017670.KS,017670,SK텔레콤,Korea,Communication Services,80800.0,KRW,17208967820000.0,5087285000000.0,-0.048,0.0,5087285000000.0,566920019968.0,3699890000000.0,3.382741053430268,OCF,Flat ➡,Flat ➡,3.4x,17208.96782,3.382741053430268
047810.KS,047810,한국항공우주,Korea,Industrials,177900.0,KRW,17340821535300.0,-728182360450.0,-0.226,-0.432,-728182360450.0,137094144000.0,82084378000.0,-23.813844549301866,OCF,Downtrend ↘,Downtrend ↘,-23.8x,17340.8215353,-23.813844549301866
352820.KS,352820,하이브,Korea,Communication Services,398500.0,KRW,16552528372500.0,151599247000.0,0.378,0.0,151599247000.0,-852507008.0,61637131000.0,109.18608568352586,OCF,Uptrend ↗,Flat ➡,109.2x,16552.5283725,109.18608568352586
000150.KS,000150,두산,Korea,Industrials,1047000.0,KRW,18678387864000.0,307830000000.0,0.148,0.0,307830000000.0,57725128704.0,603258000000.0,60.6776073287204,OCF,Uptrend ↗,Flat ➡,60.7x,18678.387864,60.6776073287204
071050.KS,071050,한국금융지주,Korea,Financial Services,292500.0,KRW,17081053470000.0,-7773511990530.0,0.744,0.0,-7773511990530.0,2020400037888.0,78390000000.0,-2.1973405959634222,OCF,Uptrend ↗,Flat ➡,-2.2x,17081.05347,-2.1973405959634222
003550.KS,003550,LG,Korea,Technology,98500.0,KRW,15189015495500.0,1361451000000.0,0.027,-0.161,1361451000000.0,675475030016.0,164168000000.0,11.156490755451353,OCF,Flat ➡,Downtrend ↘,11.2x,15189.0154955,11.156490755451353
000720.KS,000720,현대건설,Korea,Industrials,128300.0,KRW,14422261761400.0,-118800000000.0,-0.052,-0.138,-118800000000.0,-265007759360.0,211390000000.0,-121.39950977609428,OCF,Downtrend ↘,Downtrend ↘,-121.4x,14422.2617614,-121.39950977609428
005940.KS,005940,NH투자증권,Korea,Financial Services,39200.0,KRW,14708441210400.0,-4196698000000.0,0.163,0.783,-4196698000000.0,857154977792.0,84553000000.0,-3.504765225041211,OCF,Uptrend ↗,Uptrend ↗,-3.5x,14708.4412104,-3.504765225041211
323410.KS,323410,카카오뱅크,Korea,Financial Services,28700.0,KRW,13674347556100.0,841356000000.0,0.027,-0.103,841356000000.0,459530010624.0,47062000000.0,16.252748605940887,OCF,Flat ➡,Downtrend ↘,16.3x,13674.3475561,16.252748605940887
010950.KS,010950,S-Oil,Korea,Energy,120000.0,KRW,13970476680000.0,1467583000000.0,-0.014,0.0,1467583000000.0,216899993600.0,741011000000.0,9.519377561609803,OCF,Flat ➡,Flat ➡,9.5x,13970.47668,9.519377561609803
039490.KS,039490,키움증권,Korea,Financial Services,495500.0,KRW,12825748443500.0,-4971288994540.0,0.344,0.547,-4971288994540.0,901600182272.0,53063877920.0,-2.5799643628818614,OCF,Uptrend ↗,Uptrend ↗,-2.6x,12825.7484435,-2.5799643628818614
005830.KS,005830,DB손해보험,Korea,Financial Services,192300.0,KRW,11546359088700.0,3343418796750.0,-0.063,-0.314,3343418796750.0,1593099419648.0,95491000000.0,3.453458806872696,OCF,Downtrend ↘,Downtrend ↘,3.5x,11546.3590887,3.453458806872696
018260.KS,018260,삼성에스디에스,Korea,Technology,172300.0,KRW,13327437047800.0,1238044504930.0,-0.029,-0.04,1238044504930.0,760000020480.0,553394411000.0,10.76490949616835,OCF,Flat ➡,Flat ➡,10.8x,13327.4370478,10.76490949616835
047050.KS,047050,포스코인터내셔널,Korea,Industrials,75300.0,KRW,12834469871100.0,876881370000.0,-0.013,-0.147,876881370000.0,402269011968.0,279108000000.0,14.636495095225937,OCF,Flat ➡,Downtrend ↘,14.6x,12834.4698711,14.636495095225937
259960.KS,259960,크래프톤,Korea,Communication Services,260500.0,KRW,11628269074500.0,907928823450.0,0.21,2.089,907928823450.0,1246826987520.0,84856646000.0,12.807467693683561,OCF,Uptrend ↗,Uptrend ↗,12.8x,11628.2690745,12.807467693683561
307950.KS,307950,현대오토에버,Korea,Technology,434000.0,KRW,11901632344000.0,255982289000.0,0.165,0.185,255982289000.0,179698319360.0,84826465000.0,46.493967963541415,OCF,Uptrend ↗,Uptrend ↗,46.5x,11901.632344,46.493967963541415
278470.KS,278470,에이피알,Korea,Consumer Defensive,288500.0,KRW,10800907717500.0,79124161730.0,1.217,3.714,79124161730.0,234275667968.0,21608465540.0,136.50580911500293,OCF,Uptrend ↗,Uptrend ↗,136.5x,10800.9077175,136.50580911500293
079550.KS,079550,LIG넥스원,Korea,Industrials,486500.0,KRW,10627714125000.0,951948218380.0,0.417,0.377,951948218380.0,321208877056.0,68072317000.0,11.16417250413679,OCF,Uptrend ↗,Uptrend ↗,11.2x,10627.714125,11.16417250413679
016360.KS,016360,삼성증권,Korea,Financial Services,114500.0,KRW,10224850000000.0,1343461986320.0,0.358,0.464,1343461986320.0,1008400007168.0,46429180000.0,7.610821968999528,OCF,Uptrend ↗,Uptrend ↗,7.6x,10224.85,7.610821968999528
180640.KS,180640,한진칼,Korea,Consumer Cyclical,148300.0,KRW,9979489020800.0,64059910180.0,0.047,0.0,64059910180.0,173038551040.0,21863118440.0,155.78368737575397,OCF,Flat ➡,Flat ➡,155.8x,9979.4890208,155.78368737575397
005387.KS,005387,현대차2우B,Korea,Consumer Cyclical,280000.0,KRW,95740605520000.0,-5661641000000.0,0.0,0.0,-5661641000000.0,9446000427008.0,3397606000000.0,-16.910398508135714,OCF,Flat ➡,Flat ➡,-16.9x,95740.60552,-16.910398508135714
000880.KS,000880,한화,Korea,Industrials,126800.0,KRW,11282531620800.0,6880953000000.0,0.456,0.303,6880953000000.0,966792970240.0,1369359000000.0,1.6396757281731178,OCF,Uptrend ↗,Uptrend ↗,1.6x,11282.5316208,1.6396757281731178
161390.KS,161390,한국타이어앤테크놀로지,Korea,Consumer Cyclical,75600.0,KRW,9222349726800.0,1886111357760.0,1.223,0.02,1886111357760.0,950980444160.0,496555867000.0,4.889610408662576,OCF,Uptrend ↗,Flat ➡,4.9x,9222.3497268,4.889610408662576
003490.KS,003490,대한항공,Korea,Industrials,25150.0,KRW,9288684735150.0,4558915095320.0,0.289,0.0,4558915095320.0,948052754432.0,1737223223950.0,2.037477018311965,OCF,Uptrend ↗,Flat ➡,2.0x,9288.68473515,2.037477018311965
090430.KS,090430,아모레퍼시픽,Korea,Consumer Defensive,156000.0,KRW,10761798216000.0,334509652790.0,0.041,0.754,334509652790.0,67263016960.0,257414000000.0,32.17186148812301,OCF,Flat ➡,Uptrend ↗,32.2x,10761.798216,32.17186148812301
009830.KS,009830,한화솔루션,Korea,Technology,53000.0,KRW,9110323435000.0,638486498240.0,0.225,0.0,638486498240.0,-725162131456.0,649387042000.0,14.268623471463808,OCF,Uptrend ↗,Flat ➡,14.3x,9110.323435,14.268623471463808
377300.KS,377300,카카오페이,Korea,Technology,67400.0,KRW,9108783110000.0,127031956690.0,0.28,0.0,127031956690.0,45100437504.0,29756296000.0,71.7046587909249,OCF,Uptrend ↗,Flat ➡,71.7x,9108.78311,71.7046587909249
000100.KS,000100,유한양행,Korea,Healthcare,111800.0,KRW,8358628727800.0,54601585040.0,-0.048,-0.315,54601585040.0,67038609408.0,45045776970.0,153.08399420413602,OCF,Flat ➡,Downtrend ↘,153.1x,8358.6287278,153.08399420413602
003230.KS,003230,삼양식품,Korea,Consumer Defensive,1164000.0,KRW,8681260992000.0,357904674480.0,0.44,0.872,357904674480.0,369917460480.0,46025094000.0,24.255791027633297,OCF,Uptrend ↗,Uptrend ↗,24.3x,8681.260992,24.255791027633297
326030.KS,326030,SK바이오팜,Korea,Healthcare,111800.0,KRW,8755421350000.0,94899993000.0,0.404,6.696,94899993000.0,320472875008.0,11296820000.0,92.25945201070773,OCF,Uptrend ↗,Uptrend ↗,92.3x,8755.42135,92.25945201070773
006260.KS,006260,LS,Korea,Industrials,255500.0,KRW,7086267716500.0,858072000000.0,0.139,-0.999,858072000000.0,224723992576.0,425279000000.0,8.258360273380323,OCF,Uptrend ↗,Downtrend ↘,8.3x,7086.2677165,8.258360273380323
443060.KS,443060,HD현대마린솔루션,Korea,Industrials,177300.0,KRW,7948595695500.0,246532013780.0,0.113,0.358,246532013780.0,264473706496.0,11826117000.0,32.24163699321079,OCF,Uptrend ↗,Uptrend ↗,32.2x,7948.5956955,32.24163699321079
128940.KS,128940,한미약품,Korea,Healthcare,610000.0,KRW,7734930540000.0,193486724950.0,0.001,0.294,193486724950.0,116484022272.0,85538423670.0,39.976543827483916,OCF,Flat ➡,Uptrend ↗,40.0x,7734.93054,39.976543827483916
029780.KS,029780,삼성카드,Korea,Financial Services,67400.0,KRW,7192300843000.0,-837748536370.0,0.017,-0.042,-837748536370.0,630446161920.0,128218289710.0,-8.585274137469156,OCF,Flat ➡,Flat ➡,-8.6x,7192.300843,-8.585274137469156
032640.KS,032640,LG유플러스,Korea,Communication Services,17500.0,KRW,7609124092500.0,3335301000000.0,0.055,-0.639,3335301000000.0,377104007168.0,2180127000000.0,2.2813905229243177,OCF,Uptrend ↗,Downtrend ↘,2.3x,7609.1240925,2.2813905229243177
007660.KS,007660,이수페타시스,Korea,Technology,100500.0,KRW,7377626509500.0,84900910240.0,0.435,1.796,84900910240.0,136783790080.0,23667703000.0,86.89690709610466,OCF,Uptrend ↗,Uptrend ↗,86.9x,7377.6265095,86.89690709610466
175330.KS,175330,JB금융지주,Korea,Financial Services,37500.0,KRW,7120672537500.0,-963150000000.0,0.03,0.086,-963150000000.0,667858763776.0,96221000000.0,-7.393108589004828,OCF,Flat ➡,Uptrend ↗,-7.4x,7120.6725375,-7.393108589004828
078930.KS,078930,GS,Korea,Industrials,75700.0,KRW,7166910444700.0,2426192000000.0,0.023,0.0,2426192000000.0,545687994368.0,,2.9539749717664554,OCF,Flat ➡,Flat ➡,3.0x,7166.9104447,2.9539749717664554
138930.KS,138930,BNK금융지주,Korea,Financial Services,22650.0,KRW,7066237238100.0,-1335576298820.0,-0.486,0.0,-1335576298820.0,814999994368.0,120728884950.0,-5.290777654816964,OCF,Downtrend ↘,Flat ➡,-5.3x,7066.2372381,-5.290777654816964
028050.KS,028050,삼성E&A,Korea,Industrials,35600.0,KRW,6977600000000.0,1635836692150.0,-0.139,-0.133,1635836692150.0,549093998592.0,43345935000.0,4.265462459354214,OCF,Downtrend ↘,Downtrend ↘,4.3x,6977.6,4.265462459354214
267270.KS,267270,HD건설기계,Korea,Industrials,145000.0,KRW,6955906360000.0,260614186000.0,0.169,3.057,260614186000.0,90235412480.0,56443348000.0,26.690436413925678,OCF,Uptrend ↗,Uptrend ↗,26.7x,6955.90636,26.690436413925678
064400.KS,064400,LG씨엔에스,Korea,Technology,71600.0,KRW,6937033876800.0,715386862000.0,0.058,-0.199,715386862000.0,392188788736.0,86180922000.0,9.69689862266439,OCF,Uptrend ↗,Downtrend ↘,9.7x,6937.0338768,9.69689862266439
034220.KS,034220,LG디스플레이,Korea,Technology,13310.0,KRW,6655000000000.0,2411761000000.0,-0.081,0.0,2411761000000.0,226311995392.0,,2.759394483947622,OCF,Downtrend ↘,Flat ➡,2.8x,6655.0,2.759394483947622
001040.KS,001040,CJ,Korea,Industrials,225500.0,KRW,7561226293500.0,4830828591000.0,0.054,0.0,4830828591000.0,369864376320.0,2040001624000.0,1.5652027703046274,OCF,Uptrend ↗,Flat ➡,1.6x,7561.2262935,1.5652027703046274
454910.KS,454910,두산로보틱스,Korea,Industrials,100500.0,KRW,6514407990000.0,-43770453660.0,0.013,0.0,-43770453660.0,-61968211968.0,3834894000.0,-148.83117366346255,OCF,Flat ➡,Flat ➡,-148.8x,6514.40799,-148.83117366346255
005385.KS,005385,현대차우,Korea,Consumer Cyclical,279000.0,KRW,97194414762000.0,-5661641000000.0,0.0,0.0,-5661641000000.0,9446000427008.0,3397606000000.0,-17.16718081595071,OCF,Flat ➡,Flat ➡,-17.2x,97194.414762,-17.16718081595071
241560.KS,241560,두산밥캣,Korea,Industrials,65500.0,KRW,6269254031000.0,783721680000.0,0.071,0.0,783721680000.0,283000000.0,217729050000.0,7.999337253245311,OCF,Uptrend ↗,Flat ➡,8.0x,6269.254031,7.999337253245311
021240.KS,021240,코웨이,Korea,Consumer Cyclical,87300.0,KRW,6264291816000.0,330339058180.0,0.14,-0.014,330339058180.0,574642388992.0,414910255000.0,18.963218732029624,OCF,Uptrend ↗,Flat ➡,19.0x,6264.291816,18.963218732029624
052690.KS,052690,한전기술,Korea,Industrials,163300.0,KRW,6212504366500.0,48950324030.0,0.082,0.671,48950324030.0,103864999936.0,15719492180.0,126.91446869059673,OCF,Uptrend ↗,Uptrend ↗,126.9x,6212.5043665,126.91446869059673
001440.KS,001440,대한전선,Korea,Industrials,32900.0,KRW,6111918145200.0,6751598000.0,0.063,0.642,6751598000.0,44547465216.0,28834000000.0,905.2550440947462,OCF,Uptrend ↗,Uptrend ↗,905.3x,6111.9181452,905.2550440947462
011070.KS,011070,LG이노텍,Korea,Technology,256000.0,KRW,6058113792000.0,1110059022970.0,-0.056,0.223,1110059022970.0,312246992896.0,1229005000000.0,5.457469978300176,OCF,Downtrend ↘,Uptrend ↗,5.5x,6058.113792,5.457469978300176
022100.KS,022100,포스코DX,Korea,Technology,38500.0,KRW,5845166981500.0,97799461510.0,-0.232,-0.19,97799461510.0,73885917184.0,9920420000.0,59.76686263147094,OCF,Downtrend ↘,Downtrend ↘,59.8x,5845.1669815,59.76686263147094
088350.KS,088350,한화생명,Korea,Financial Services,6600.0,KRW,4959175650000.0,5428575304210.0,0.051,13.087,5428575304210.0,753034526720.0,112293000000.0,0.9135317043781325,OCF,Uptrend ↗,Uptrend ↗,0.9x,4959.17565,0.9135317043781325
088980.KS,088980,맥쿼리인프라,Korea,Unknown,11830.0,KRW,4129190576128.0,,0.0,0.0,,,,,OCF,Flat ➡,Flat ➡,N/A,4129.190576128,
271560.KS,271560,오리온,Korea,Consumer Defensive,139500.0,KRW,5514265926000.0,651588437000.0,0.07,0.03,651588437000.0,529905057792.0,157282878200.0,8.462805066628277,OCF,Uptrend ↗,Flat ➡,8.5x,5514.265926,8.462805066628277
004020.KS,004020,현대제철,Korea,Basic Materials,38950.0,KRW,5123706534050.0,1777143870400.0,0.02,0.0,1777143870400.0,-22385053696.0,1620618905000.0,2.883112965354209,OCF,Flat ➡,Flat ➡,2.9x,5123.70653405,2.883112965354209
002380.KS,002380,KCC,Korea,Basic Materials,583000.0,KRW,4287481693000.0,596801288310.0,-0.007,0.0,596801288310.0,1179242725376.0,393422890960.0,7.184102610001284,OCF,Flat ➡,Flat ➡,7.2x,4287.481693,7.184102610001284
018880.KS,018880,한온시스템,Korea,Consumer Cyclical,4945.0,KRW,5074217705990.0,569253858880.0,0.082,0.0,569253858880.0,-301836763136.0,443323782000.0,8.913804670509325,OCF,Uptrend ↗,Flat ➡,8.9x,5074.21770599,8.913804670509325
036570.KS,036570,엔씨소프트,Korea,Communication Services,232000.0,KRW,4499264856000.0,107041218260.0,-0.104,0.0,107041218260.0,341592834048.0,105868954060.0,42.03301241463281,OCF,Downtrend ↘,Flat ➡,42.0x,4499.264856,42.03301241463281
251270.KS,251270,넷마블,Korea,Communication Services,57300.0,KRW,4694850918300.0,287708442380.0,0.075,0.796,287708442380.0,107560132608.0,53447226000.0,16.318085348705644,OCF,Uptrend ↗,Uptrend ↗,16.3x,4694.8509183,16.318085348705644
082740.KS,082740,한화엔진,Korea,Industrials,57400.0,KRW,4788625709000.0,90375704930.0,0.014,0.0,90375704930.0,1590067328.0,14798344000.0,52.98576329456023,OCF,Flat ➡,Flat ➡,53.0x,4788.625709,52.98576329456023
450080.KS,450080,에코프로머티,Korea,Industrials,67000.0,KRW,4727436518000.0,-134608837400.0,-0.041,0.0,-134608837400.0,115123994624.0,43421461000.0,-35.119807951034275,OCF,Flat ➡,Flat ➡,-35.1x,4727.436518,-35.119807951034275
066970.KS,066970,엘앤에프,Korea,Industrials,114700.0,KRW,4300432074300.0,280519186680.0,0.855,0.0,280519186680.0,-457601679360.0,60475856850.0,15.330260026761318,OCF,Uptrend ↗,Flat ➡,15.3x,4300.4320743,15.330260026761318
062040.KS,062040,산일전기,Korea,Technology,149600.0,KRW,4545513271200.0,15525217190.0,0.665,0.525,15525217190.0,132956553216.0,2764372000.0,292.78258819643605,OCF,Uptrend ↗,Uptrend ↗,292.8x,4545.5132712,292.78258819643605
031210.KS,031210,서울보증보험,Korea,Financial Services,62000.0,KRW,4328939076000.0,314976598860.0,-0.01,0.25,314976598860.0,229545869312.0,25747331280.0,13.743684742510398,OCF,Flat ➡,Uptrend ↗,13.7x,4328.939076,13.743684742510398
017800.KS,017800,현대엘리베이터,Korea,Industrials,110200.0,KRW,3978777832400.0,256446417740.0,-0.139,1.397,256446417740.0,321682407424.0,48363426000.0,15.515045472126314,OCF,Downtrend ↘,Uptrend ↗,15.5x,3978.7778324,15.515045472126314
036460.KS,036460,한국가스공사,Korea,Utilities,45600.0,KRW,3979759790400.0,3629763000000.0,-0.214,-0.423,3629763000000.0,866242002944.0,1863642000000.0,1.0964241440556863,OCF,Downtrend ↘,Downtrend ↘,1.1x,3979.7597904,1.0964241440556863
011790.KS,011790,SKC,Korea,Basic Materials,111000.0,KRW,3781613157000.0,-199714849310.0,0.141,0.0,-199714849310.0,-607955386368.0,130805467000.0,-18.935062515707735,OCF,Uptrend ↗,Flat ➡,-18.9x,3781.613157,-18.935062515707735
051900.KS,051900,LG생활건강,Korea,Consumer Defensive,273000.0,KRW,4574400012000.0,527630110090.0,-0.078,-0.765,527630110090.0,23213989888.0,221266864790.0,8.669709943618885,OCF,Downtrend ↘,Downtrend ↘,8.7x,4574.400012,8.669709943618885
035250.KS,035250,강원랜드,Korea,Consumer Cyclical,19390.0,KRW,3885866212760.0,487048778210.0,0.022,0.259,487048778210.0,362695917568.0,77582716300.0,7.9783922814493495,OCF,Flat ➡,Uptrend ↗,8.0x,3885.86621276,7.9783922814493495
000990.KS,000990,DB하이텍,Korea,Technology,93000.0,KRW,3659884521000.0,382634373820.0,0.302,0.305,382634373820.0,245630779392.0,152238000000.0,9.564965333516255,OCF,Uptrend ↗,Uptrend ↗,9.6x,3659.884521,9.564965333516255
001720.KS,001720,신영증권,Korea,Financial Services,243000.0,KRW,1873536075000.0,-442109352800.0,-0.036,0.02,-442109352800.0,127442526208.0,10139668000.0,-4.237720969109523,OCF,Flat ➡,Flat ➡,-4.2x,1873.536075,-4.237720969109523
302440.KS,302440,SK바이오사이언스,Korea,Healthcare,49700.0,KRW,3898204639700.0,-128019868860.0,1.446,0.0,-128019868860.0,-5899719168.0,41292812000.0,-30.44999713257791,OCF,Uptrend ↗,Flat ➡,-30.4x,3898.2046397,-30.44999713257791
111770.KS,111770,영원무역,Korea,Consumer Cyclical,86800.0,KRW,3694217721600.0,623729052610.0,0.128,0.869,623729052610.0,446675681280.0,101287395000.0,5.922792446722679,OCF,Uptrend ↗,Uptrend ↗,5.9x,3694.2177216,5.922792446722679
004990.KS,004990,롯데지주,Korea,Consumer Defensive,36450.0,KRW,2607325908750.0,1052917063410.0,0.003,0.0,1052917063410.0,-1017740853248.0,862375000000.0,2.476288018645892,OCF,Flat ➡,Flat ➡,2.5x,2607.32590875,2.476288018645892
011780.KS,011780,금호석유화학,Korea,Basic Materials,145500.0,KRW,3780706774500.0,322334793720.0,-0.101,1.048,322334793720.0,276094550016.0,266538000000.0,11.729130234026664,OCF,Downtrend ↘,Uptrend ↗,11.7x,3780.7067745,11.729130234026664
011170.KS,011170,롯데케미칼,Korea,Basic Materials,85200.0,KRW,3592640924400.0,1542393674680.0,-0.058,0.0,1542393674680.0,-1774855127040.0,1079303152000.0,2.3292632635733312,OCF,Downtrend ↘,Flat ➡,2.3x,3592.6409244,2.3292632635733312
014680.KS,014680,한솔케미칼,Korea,Basic Materials,308500.0,KRW,3352746841500.0,162357290590.0,0.207,0.497,162357290590.0,154003456000.0,49394804770.0,20.650423700200033,OCF,Uptrend ↗,Uptrend ↗,20.7x,3352.7468415,20.650423700200033
012750.KS,012750,에스원,Korea,Industrials,92000.0,KRW,3110541988000.0,376613925470.0,0.023,-0.111,376613925470.0,180788543488.0,172753983290.0,8.259232539312402,OCF,Flat ➡,Downtrend ↘,8.3x,3110.541988,8.259232539312402
139130.KS,139130,iM금융지주,Korea,Financial Services,21650.0,KRW,3479478061300.0,2902171475290.0,0.0,0.0,2902171475290.0,443903213568.0,141478017560.0,1.198922286613789,OCF,Flat ➡,Flat ➡,1.2x,3479.4780613,1.198922286613789
001450.KS,001450,현대해상,Korea,Financial Services,38800.0,KRW,3042482600000.0,1393704048170.0,0.084,1.967,1393704048170.0,1051591835648.0,87700698000.0,2.183019130923043,OCF,Uptrend ↗,Uptrend ↗,2.2x,3042.4826,2.183019130923043
103590.KS,103590,일진전기,Korea,Industrials,72100.0,KRW,3437531094900.0,105677318000.0,0.358,2.572,105677318000.0,85901647872.0,12747535000.0,32.528561094822635,OCF,Uptrend ↗,Uptrend ↗,32.5x,3437.5310949,32.528561094822635
004170.KS,004170,신세계,Korea,Consumer Cyclical,351500.0,KRW,3081839871500.0,775837616000.0,0.062,0.721,775837616000.0,37707403264.0,426057000000.0,3.9722743625001034,OCF,Uptrend ↗,Uptrend ↗,4.0x,3081.8398715,3.9722743625001034
097950.KS,097950,CJ제일제당,Korea,Consumer Defensive,221000.0,KRW,3541123443000.0,2255253477000.0,0.003,-0.53,2255253477000.0,47290814464.0,1384036654000.0,1.5701664930855133,OCF,Flat ➡,Downtrend ↘,1.6x,3541.123443,1.5701664930855133
000240.KS,000240,한국앤컴퍼니,Korea,Consumer Cyclical,34650.0,KRW,3281983689600.0,133275453280.0,0.009,0.075,133275453280.0,309193408512.0,34005460000.0,24.625567640763084,OCF,Flat ➡,Uptrend ↗,24.6x,3281.9836896,24.625567640763084
047040.KS,047040,대우건설,Korea,Industrials,7800.0,KRW,3204908616000.0,-1283524472440.0,0.0,0.0,-1283524472440.0,-916100022272.0,114082000000.0,-2.496959493033599,OCF,Flat ➡,Flat ➡,-2.5x,3204.908616,-2.496959493033599
103140.KS,103140,풍산,Korea,Industrials,115300.0,KRW,3149336253400.0,39903295790.0,0.04,-0.316,39903295790.0,178629656576.0,89005502130.0,78.92421392894674,OCF,Flat ➡,Downtrend ↘,78.9x,3149.3362534,78.92421392894674
000120.KS,000120,CJ대한통운,Korea,Industrials,138800.0,KRW,2768383905200.0,606203425250.0,0.031,0.259,606203425250.0,244086587392.0,561447883000.0,4.56675727963482,OCF,Flat ➡,Uptrend ↗,4.6x,2768.3839052,4.56675727963482
439260.KS,439260,대한조선,Korea,Industrials,81500.0,KRW,3139894428000.0,158295472040.0,-0.015,1.318,158295472040.0,267846434816.0,12033420000.0,19.83565535725857,OCF,Flat ➡,Uptrend ↗,19.8x,3139.894428,19.83565535725857
023530.KS,023530,롯데쇼핑,Korea,Consumer Cyclical,109700.0,KRW,3101289208000.0,1587898651990.0,0.013,0.0,1587898651990.0,73999998976.0,1058005526000.0,1.9530775494477406,OCF,Flat ➡,Flat ➡,2.0x,3101.289208,1.9530775494477406
489790.KS,489790,한화비전,Korea,Industrials,61000.0,KRW,3073030062000.0,56847904520.0,0.0,0.0,56847904520.0,111277391872.0,14251373000.0,54.05705079100777,OCF,Flat ➡,Flat ➡,54.1x,3073.030062,54.05705079100777
071970.KS,071970,HD현대마린엔진,Korea,Industrials,90200.0,KRW,3059716864600.0,101436571990.0,0.351,1.252,101436571990.0,103184637952.0,3129587000.0,30.163843321732504,OCF,Uptrend ↗,Uptrend ↗,30.2x,3059.7168646,30.163843321732504
139480.KS,139480,이마트,Korea,Consumer Defensive,110700.0,KRW,2965470677100.0,1459819142420.0,-0.014,1.205,1459819142420.0,-307307413504.0,1382017000000.0,2.0313959386667735,OCF,Flat ➡,Uptrend ↗,2.0x,2965.4706771,2.0313959386667735
009970.KS,009970,영원무역홀딩스,Korea,Consumer Cyclical,225500.0,KRW,2616904499000.0,781001481480.0,0.174,1.041,781001481480.0,324386488320.0,106746040000.0,3.350703629961058,OCF,Uptrend ↗,Uptrend ↗,3.4x,2616.904499,3.350703629961058
457190.KS,457190,이수스페셜티케미컬,Korea,Unknown,98100.0,KRW,2964471343200.0,10592504710.0,0.0,0.0,10592504710.0,,9247112000.0,279.8650011834642,OCF,Flat ➡,Flat ➡,279.9x,2964.4713432,279.8650011834642
012510.KS,012510,더존비즈온,Korea,Technology,96000.0,KRW,2690752704000.0,103552121280.0,0.182,1.045,103552121280.0,64036757504.0,25979669520.0,25.984525191177234,OCF,Uptrend ↗,Uptrend ↗,26.0x,2690.752704,25.984525191177234
026960.KS,026960,동서,Korea,Consumer Defensive,29200.0,KRW,2881237671600.0,113240689850.0,0.183,0.037,113240689850.0,143669559296.0,4058491000.0,25.443483922753586,OCF,Uptrend ↗,Flat ➡,25.4x,2881.2376716,25.443483922753586
008930.KS,008930,한미사이언스,Korea,Healthcare,42550.0,KRW,2881218190300.0,82986394440.0,0.071,0.813,82986394440.0,75141586944.0,5424868050.0,34.7191634212178,OCF,Uptrend ↗,Uptrend ↗,34.7x,2881.2181903,34.7191634212178
353200.KS,353200,대덕전자,Korea,Technology,58400.0,KRW,3008326729600.0,97822445820.0,0.23,3.314,97822445820.0,24492572672.0,113349228250.0,30.75292898662059,OCF,Uptrend ↗,Uptrend ↗,30.8x,3008.3267296,30.75292898662059
009420.KS,009420,한올바이오파마,Korea,Healthcare,55100.0,KRW,2796592620700.0,9360058090.0,0.108,0.456,9360058090.0,2310324736.0,2909150000.0,298.7794086115549,OCF,Uptrend ↗,Uptrend ↗,298.8x,2796.5926207,298.7794086115549
028670.KS,028670,팬오션,Korea,Industrials,5350.0,KRW,2859946889200.0,676168000000.0,-0.006,-0.558,676168000000.0,219860992000.0,468216000000.0,4.229639511482353,OCF,Flat ➡,Downtrend ↘,4.2x,2859.9468892,4.229639511482353
010060.KS,010060,OCI홀딩스,Korea,Financial Services,152400.0,KRW,2845343356800.0,116386068000.0,-0.07,0.0,116386068000.0,-187869790208.0,163578943000.0,24.447456690434805,OCF,Downtrend ↘,Flat ➡,24.4x,2845.3433568,24.447456690434805
005850.KS,005850,에스엘,Korea,Consumer Cyclical,61100.0,KRW,2813988728200.0,481955175320.0,0.093,0.216,481955175320.0,314374684672.0,153099429990.0,5.838693870921954,OCF,Uptrend ↗,Uptrend ↗,5.8x,2813.9887282,5.838693870921954
051600.KS,051600,한전KPS,Korea,Industrials,62800.0,KRW,2826000000000.0,540465814510.0,0.111,0.26,540465814510.0,140266520576.0,61991018380.0,5.228822848975422,OCF,Uptrend ↗,Uptrend ↗,5.2x,2826.0,5.228822848975422
204320.KS,204320,HL만도,Korea,Consumer Cyclical,59800.0,KRW,2808035776000.0,,0.069,0.0,,118588719104.0,,,OCF,Uptrend ↗,Flat ➡,N/A,2808.035776,
004800.KS,004800,효성,Korea,Industrials,167700.0,KRW,2803542190800.0,464802029990.0,0.06,-0.81,464802029990.0,317446291456.0,98434000000.0,6.031690934870308,OCF,Uptrend ↗,Downtrend ↘,6.0x,2803.5421908,6.031690934870308
081660.KS,081660,미스토홀딩스,Korea,Consumer Cyclical,52100.0,KRW,2766084864000.0,494044505380.0,0.037,4.233,494044505380.0,173682294784.0,107085802000.0,5.59885766136076,OCF,Flat ➡,Uptrend ↗,5.6x,2766.084864,5.59885766136076
003690.KS,003690,코리안리,Korea,Financial Services,14060.0,KRW,2484697695860.0,1151147599260.0,-0.128,-0.214,1151147599260.0,260354441216.0,19192000000.0,2.1584527452928324,OCF,Downtrend ↘,Downtrend ↘,2.2x,2484.69769586,2.1584527452928324
023590.KS,023590,다우기술,Korea,Technology,60200.0,KRW,2597681109800.0,-4907791750870.0,0.238,0.493,-4907791750870.0,444256419840.0,73924085750.0,-0.5292973381235077,OCF,Uptrend ↗,Uptrend ↗,-0.5x,2597.6811098,-0.5292973381235077
004370.KS,004370,농심,Korea,Consumer Defensive,442500.0,KRW,2691569085000.0,272544275630.0,0.024,0.341,272544275630.0,164017176576.0,118052207000.0,9.87571314340872,OCF,Flat ➡,Uptrend ↗,9.9x,2691.569085,9.87571314340872
383220.KS,383220,F&F,Korea,Consumer Cyclical,70200.0,KRW,2635089537600.0,398841092860.0,0.052,0.184,398841092860.0,350959304704.0,78649566000.0,6.606865703592286,OCF,Uptrend ↗,Uptrend ↗,6.6x,2635.0895376,6.606865703592286
002790.KS,002790,아모레퍼시픽홀딩스,Korea,Consumer Defensive,33800.0,KRW,3033422134600.0,385422056560.0,0.038,0.43,385422056560.0,74855546880.0,267521000000.0,7.870390609385835,OCF,Flat ➡,Uptrend ↗,7.9x,3033.4221346,7.870390609385835
001430.KS,001430,세아베스틸지주,Korea,Basic Materials,74300.0,KRW,2664555441700.0,318005330690.0,0.048,2.0,318005330690.0,4015309568.0,113058351290.0,8.378964704517733,OCF,Flat ➡,Uptrend ↗,8.4x,2664.5554417,8.378964704517733
030000.KS,030000,제일기획,Korea,Communication Services,22450.0,KRW,2273707376250.0,346397436400.0,0.109,0.051,346397436400.0,182448570368.0,67210430000.0,6.5638689474146465,OCF,Uptrend ↗,Uptrend ↗,6.6x,2273.70737625,6.5638689474146465
003540.KS,003540,대신증권,Korea,Financial Services,49000.0,KRW,3331523965000.0,-3970594099000.0,-0.215,16.321,-3970594099000.0,51532349440.0,38045826000.0,-0.8390492409785854,OCF,Downtrend ↘,Uptrend ↗,-0.8x,3331.523965,-0.8390492409785854
097230.KS,097230,HJ중공업,Korea,Industrials,26850.0,KRW,2424270470550.0,-86365000000.0,-0.003,-0.924,-86365000000.0,-16648999936.0,28473000000.0,-28.070056973889887,OCF,Flat ➡,Downtrend ↘,-28.1x,2424.27047055,-28.070056973889887
069960.KS,069960,현대백화점,Korea,Consumer Cyclical,106500.0,KRW,2303934309000.0,733909144000.0,-0.026,1.162,733909144000.0,178284822528.0,360218445000.0,3.1392636647677468,OCF,Flat ➡,Uptrend ↗,3.1x,2303.934309,3.1392636647677468
336260.KS,336260,두산퓨얼셀,Korea,Industrials,36750.0,KRW,3007427062500.0,101055360910.0,1.836,0.0,101055360910.0,-29141342208.0,15326109870.0,29.760193179443664,OCF,Uptrend ↗,Flat ➡,29.8x,3007.4270625,29.760193179443664
282330.KS,282330,BGF리테일,Korea,Consumer Defensive,137000.0,KRW,2366677055000.0,768788316470.0,0.0,0.0,768788316470.0,195299999744.0,506414000000.0,3.0784508613072212,OCF,Flat ➡,Flat ➡,3.1x,2366.677055,3.0784508613072212
011210.KS,011210,현대위아,Korea,Consumer Cyclical,86400.0,KRW,2298045168000.0,591988000000.0,0.072,0.0,591988000000.0,176728997888.0,241917000000.0,3.8819117414542186,OCF,Uptrend ↗,Flat ➡,3.9x,2298.045168,3.8819117414542186
020150.KS,020150,롯데에너지머티리얼즈,Korea,Industrials,44250.0,KRW,2317171737750.0,87004015910.0,-0.32,0.0,87004015910.0,-122793017344.0,85203007000.0,26.63292853225262,OCF,Downtrend ↘,Flat ➡,26.6x,2317.17173775,26.63292853225262
018670.KS,018670,SK가스,Korea,Energy,245500.0,KRW,2207056293000.0,373331313850.0,0.125,0.521,373331313850.0,297414459392.0,154982949000.0,5.911789906503178,OCF,Uptrend ↗,Uptrend ↗,5.9x,2207.056293,5.911789906503178
005440.KS,005440,현대지에프홀딩스,Korea,Consumer Defensive,14340.0,KRW,2235667676340.0,360238697000.0,-0.042,4.431,360238697000.0,549432295424.0,151475384000.0,6.206073070323147,OCF,Flat ➡,Uptrend ↗,6.2x,2235.66767634,6.206073070323147
192820.KS,192820,코스맥스,Korea,Consumer Defensive,194800.0,KRW,2210134957600.0,72966186220.0,0.105,-0.575,72966186220.0,49878315008.0,63542212140.0,30.2898516709676,OCF,Uptrend ↗,Downtrend ↘,30.3x,2210.1349576,30.2898516709676
085620.KS,085620,미래에셋생명,Korea,Financial Services,12400.0,KRW,1617952000000.0,-253248637680.0,0.857,26.587,-253248637680.0,206277492736.0,19890000000.0,-6.3887885629790135,OCF,Uptrend ↗,Uptrend ↗,-6.4x,1617.952,-6.3887885629790135
361610.KS,361610,SK아이이테크놀로지,Korea,Technology,26550.0,KRW,2171447505000.0,-87239413000.0,0.558,0.0,-87239413000.0,-180762542080.0,150481037000.0,-24.890670745343048,OCF,Uptrend ↗,Flat ➡,-24.9x,2171.447505,-24.890670745343048
000155.KS,000155,두산우,Korea,Industrials,540000.0,KRW,13646427480000.0,307830000000.0,0.148,0.0,307830000000.0,57725128704.0,603258000000.0,44.33105116460384,OCF,Uptrend ↗,Flat ➡,44.3x,13646.42748,44.33105116460384
483650.KS,483650,달바글로벌,Korea,Consumer Defensive,171800.0,KRW,2120684597000.0,15809001290.0,0.593,0.096,15809001290.0,71553728512.0,707928000.0,134.14412195294344,OCF,Uptrend ↗,Uptrend ↗,134.1x,2120.684597,134.14412195294344
073240.KS,073240,금호타이어,Korea,Consumer Cyclical,7050.0,KRW,2025185023350.0,519916196680.0,-0.001,-0.064,519916196680.0,254175232000.0,292570404000.0,3.8952143370068324,OCF,Flat ➡,Downtrend ↘,3.9x,2025.18502335,3.8952143370068324
006280.KS,006280,녹십자,Korea,Healthcare,172600.0,KRW,1969914522800.0,-53460079250.0,0.311,-0.521,-53460079250.0,56335142912.0,66372167000.0,-36.84832776973484,OCF,Uptrend ↗,Downtrend ↘,-36.8x,1969.9145228,-36.84832776973484
112610.KS,112610,씨에스윈드,Korea,Industrials,47800.0,KRW,1980768904000.0,49066517560.0,-0.259,-0.24,49066517560.0,198958383104.0,127757788000.0,40.36905414324252,OCF,Downtrend ↘,Downtrend ↘,40.4x,1980.768904,40.36905414324252
069620.KS,069620,대웅제약,Korea,Healthcare,173000.0,KRW,1990584710000.0,51492294010.0,0.149,0.639,51492294010.0,93185204224.0,36241997000.0,38.65791470881878,OCF,Uptrend ↗,Uptrend ↗,38.7x,1990.58471,38.65791470881878
003530.KS,003530,한화투자증권,Korea,Financial Services,9300.0,KRW,2061044061300.0,-912258245760.0,0.073,5.144,-912258245760.0,63261171712.0,16108830810.0,-2.259276987497054,OCF,Uptrend ↗,Uptrend ↗,-2.3x,2061.0440613,-2.259276987497054
017960.KS,017960,한국카본,Korea,Basic Materials,38250.0,KRW,1926566284500.0,150534191280.0,0.296,0.249,150534191280.0,66244784128.0,23626958000.0,12.798197327253744,OCF,Uptrend ↗,Uptrend ↗,12.8x,1926.5662845,12.798197327253744
462870.KS,462870,시프트업,Korea,Communication Services,33600.0,KRW,1948917096000.0,114147196590.0,0.301,1.357,114147196590.0,192310476800.0,3416916000.0,17.073718446193862,OCF,Uptrend ↗,Uptrend ↗,17.1x,1948.917096,17.073718446193862
006040.KS,006040,동원산업,Korea,Consumer Defensive,44700.0,KRW,1973335587000.0,421254990860.0,0.106,0.0,421254990860.0,301543161856.0,289424356090.0,4.684420671127001,OCF,Uptrend ↗,Flat ➡,4.7x,1973.335587,4.684420671127001
375500.KS,375500,DL이앤씨,Korea,Industrials,50900.0,KRW,2160937714800.0,187869609700.0,-0.006,1.663,187869609700.0,250578599936.0,75628000000.0,11.502327163242091,OCF,Flat ➡,Uptrend ↗,11.5x,2160.9377148,11.502327163242091
006360.KS,006360,GS건설,Korea,Industrials,22950.0,KRW,1948200140250.0,267812354590.0,0.032,-0.242,267812354590.0,20695879680.0,180824000000.0,7.2744968888106145,OCF,Flat ➡,Downtrend ↘,7.3x,1948.20014025,7.2744968888106145
032350.KS,032350,롯데관광개발,Korea,Consumer Cyclical,24300.0,KRW,1932809461200.0,121689939440.0,0.342,0.0,121689939440.0,-57815732224.0,82928199000.0,15.883066998755341,OCF,Uptrend ↗,Flat ➡,15.9x,1932.8094612,15.883066998755341
003570.KS,003570,SNT다이내믹스,Korea,Industrials,57600.0,KRW,1361101996800.0,-10025232080.0,-0.073,-0.08,-10025232080.0,81719738368.0,8382513000.0,-135.76762971057323,OCF,Downtrend ↘,Downtrend ↘,-135.8x,1361.1019968,-135.76762971057323
030610.KS,030610,교보증권,Korea,Financial Services,16720.0,KRW,1887175749360.0,710841805900.0,0.682,-0.486,710841805900.0,121581830144.0,11444047000.0,2.654846315588654,OCF,Uptrend ↗,Downtrend ↘,2.7x,1887.17574936,2.654846315588654
008770.KS,008770,호텔신라,Korea,Consumer Cyclical,48150.0,KRW,1822650502950.0,68743231240.0,0.009,0.0,68743231240.0,-215952818176.0,121754627750.0,26.513890459799107,OCF,Flat ➡,Flat ➡,26.5x,1822.65050295,26.513890459799107
034230.KS,034230,파라다이스,Korea,Consumer Cyclical,20400.0,KRW,1774682924400.0,195930160000.0,0.075,1.304,195930160000.0,100291272704.0,74329620000.0,9.05773222662606,OCF,Uptrend ↗,Uptrend ↗,9.1x,1774.6829244,9.05773222662606
007070.KS,007070,GS리테일,Korea,Consumer Cyclical,22500.0,KRW,1880225775000.0,660183401060.0,0.053,0.0,660183401060.0,64951685120.0,724336000000.0,2.8480355185863235,OCF,Uptrend ↗,Flat ➡,2.8x,1880.225775,2.8480355185863235
001120.KS,001120,LX인터내셔널,Korea,Industrials,47700.0,KRW,1715668925400.0,723748680740.0,-0.012,-0.499,723748680740.0,115351855104.0,289448000000.0,2.3705313336748426,OCF,Flat ➡,Downtrend ↘,2.4x,1715.6689254,2.3705313336748426
007340.KS,007340,DN오토모티브,Korea,Consumer Cyclical,31400.0,KRW,1625335278000.0,197148752000.0,0.083,0.18,197148752000.0,248433442816.0,57617075000.0,8.244207794934457,OCF,Uptrend ↗,Uptrend ↗,8.2x,1625.335278,8.244207794934457
005070.KS,005070,코스모신소재,Korea,Basic Materials,54300.0,KRW,1764695482800.0,9073737730.0,1.501,0.0,9073737730.0,-675659584.0,13788857640.0,194.4838538770505,OCF,Uptrend ↗,Flat ➡,194.5x,1764.6954828,194.4838538770505
161890.KS,161890,한국콜마,Korea,Consumer Defensive,72400.0,KRW,1709007574800.0,215382940700.0,0.09,1.069,215382940700.0,113505730560.0,69282222000.0,7.934739721008926,OCF,Uptrend ↗,Uptrend ↗,7.9x,1709.0075748,7.934739721008926
298020.KS,298020,효성티앤씨,Korea,Consumer Cyclical,393500.0,KRW,1688849664500.0,654888206940.0,0.038,-0.643,654888206940.0,64273989632.0,266767000000.0,2.5788365809658416,OCF,Flat ➡,Downtrend ↘,2.6x,1688.8496645,2.5788365809658416
