ticker_yf,ticker_display,name,market,sector,price,currency,market_cap,ocf,revenue_growth,earnings_growth,ttm_ocf,ttm_net_income,ttm_depreciation,pcf,cf_method,revenue_trend,cf_trend,pcf_display,market_cap_b,pcf_color
095570.KS,095570,AJ네트웍스,Korea,Industrials,4275.0,KRW,191310738750.0,75931752840.0,0.257,4.694,75931752840.0,51270209536.0,163695900000.0,2.519509053783092,OCF,Uptrend ↗,Uptrend ↗,2.5x,191.31073875,2.519509053783092
006840.KS,006840,AK홀딩스,Korea,Industrials,6960.0,KRW,90796645200.0,46396810560.0,0.348,0.0,46396810560.0,-136257847296.0,253127724000.0,1.9569587672967839,OCF,Uptrend ↗,Flat ➡,2.0x,90.7966452,1.9569587672967839
027410.KS,027410,BGF,Korea,Basic Materials,3755.0,KRW,359386416330.0,52674405130.0,0.005,0.155,52674405130.0,66320883712.0,15403000000.0,6.822790223127101,OCF,Flat ➡,Uptrend ↗,6.8x,359.38641633,6.822790223127101
282330.KS,282330,BGF리테일,Korea,Consumer Defensive,129000.0,KRW,2228476935000.0,770785519530.0,0.06,0.076,770785519530.0,215218880512.0,524468000000.0,2.891176440832533,OCF,Uptrend ↗,Uptrend ↗,2.9x,2228.476935,2.891176440832533
138930.KS,138930,BNK금융지주,Korea,Financial Services,15910.0,KRW,4881820438410.0,-2023799286980.0,0.267,-0.344,-2023799286980.0,729045794816.0,123837003140.0,-2.4122058298058113,OCF,Uptrend ↗,Downtrend ↘,-2.4x,4881.82043841,-2.4122058298058113
001460.KS,001460,BYC,Korea,Consumer Cyclical,36650.0,KRW,300022360850.0,34233859770.0,0.1,0.695,34233859770.0,15766568960.0,13221419350.0,8.763906929154311,OCF,Uptrend ↗,Uptrend ↗,8.8x,300.02236085,8.763906929154311
001465.KS,001465,BYC우,Korea,Consumer Cyclical,26750.0,KRW,221921985750.0,34233859770.0,0.1,0.695,34233859770.0,15766568960.0,13221419350.0,6.482528912631578,OCF,Uptrend ↗,Uptrend ↗,6.5x,221.92198575,6.482528912631578
001040.KS,001040,CJ,Korea,Industrials,131400.0,KRW,4405964990400.0,4987380240000.0,0.037,-0.629,4987380240000.0,19207350272.0,2184814295000.0,0.8834227146073788,OCF,Flat ➡,Downtrend ↘,0.9x,4405.9649904,0.8834227146073788
079160.KS,079160,CJ CGV,Korea,Communication Services,4955.0,KRW,820461337050.0,214869995000.0,0.208,0.0,214869995000.0,-111037071360.0,259953382000.0,3.818408135812541,OCF,Uptrend ↗,Flat ➡,3.8x,820.46133705,3.818408135812541
000120.KS,000120,CJ대한통운,Korea,Industrials,69900.0,KRW,1394164517100.0,902359906500.0,0.109,-0.368,902359906500.0,207168700416.0,593646061000.0,1.5450204591952357,OCF,Uptrend ↗,Downtrend ↘,1.5x,1394.1645171,1.5450204591952357
011150.KS,011150,CJ씨푸드,Korea,Consumer Defensive,1889.0,KRW,68251459000.0,1957670470.0,0.136,1.333,1957670470.0,1739816448.0,6554496000.0,34.86360960432733,OCF,Uptrend ↗,Uptrend ↗,34.9x,68.251459,34.86360960432733
011155.KS,011155,CJ씨푸드1우,Korea,Consumer Defensive,5320.0,KRW,191152920000.0,1957670470.0,0.136,1.333,1957670470.0,1739816448.0,6554496000.0,97.64305225485677,OCF,Uptrend ↗,Uptrend ↗,97.6x,191.15292,97.64305225485677
001045.KS,001045,CJ우,Korea,Industrials,67200.0,KRW,2253278899200.0,4987380240000.0,0.037,-0.629,4987380240000.0,19207350272.0,2184814295000.0,0.4517960914887051,OCF,Flat ➡,Downtrend ↘,0.5x,2253.2788992,0.4517960914887051
097950.KS,097950,CJ제일제당,Korea,Consumer Defensive,179900.0,KRW,2882570621700.0,2481608395000.0,0.095,0.0,2481608395000.0,-374188867584.0,1470316947000.0,1.1615735292916753,OCF,Uptrend ↗,Flat ➡,1.2x,2882.5706217,1.1615735292916753
097955.KS,097955,CJ제일제당 우,Korea,Consumer Defensive,109700.0,KRW,1612247626300.0,2481608395000.0,0.095,0.0,2481608395000.0,-374188867584.0,1470316947000.0,0.6496785026793077,OCF,Uptrend ↗,Flat ➡,0.6x,1612.2476263,0.6496785026793077
000480.KS,000480,CR홀딩스,Korea,Basic Materials,4300.0,KRW,177403173600.0,32437444000.0,-0.063,0.0,32437444000.0,-29721643008.0,28545368000.0,5.469086084587922,OCF,Downtrend ↘,Flat ➡,5.5x,177.4031736,5.469086084587922
000590.KS,000590,CS홀딩스,Korea,Industrials,70400.0,KRW,72486022400.0,17609691320.0,0.099,4.353,17609691320.0,23487442944.0,2638246520.0,4.116257410922067,OCF,Uptrend ↗,Uptrend ↗,4.1x,72.4860224,4.116257410922067
012030.KS,012030,DB,Korea,Technology,2050.0,KRW,391612592650.0,15233867770.0,0.532,0.691,15233867770.0,67903492096.0,2932498490.0,25.706708142839553,OCF,Uptrend ↗,Uptrend ↗,25.7x,391.61259265,25.706708142839553
005830.KS,005830,DB손해보험,Korea,Financial Services,187000.0,KRW,11340328703000.0,-282418000000.0,-0.031,0.308,-282418000000.0,1810477088768.0,102200000000.0,-40.154411910713904,OCF,Flat ➡,Uptrend ↗,-40.2x,11340.328703,-40.154411910713904
016610.KS,016610,DB증권,Korea,Financial Services,10290.0,KRW,415563368430.0,-1024925355810.0,1.71,0.781,-1024925355810.0,107172462592.0,10064166110.0,-0.4054572033702685,OCF,Uptrend ↗,Uptrend ↗,-0.4x,415.56336843,-0.4054572033702685
000990.KS,000990,DB하이텍,Korea,Technology,138800.0,KRW,5936250172400.0,356967025480.0,0.228,0.65,356967025480.0,387759210496.0,163240000000.0,16.629687754541894,OCF,Uptrend ↗,Uptrend ↗,16.6x,5936.2501724,16.629687754541894
000300.KS,000300,DH오토넥스,Korea,Unknown,0.0,KRW,0.0,6030528710.0,0.0,0.0,6030528710.0,,1126116000.0,,OCF,Flat ➡,Flat ➡,N/A,0.0,
001530.KS,001530,DI동일,Korea,Consumer Cyclical,26000.0,KRW,538453968000.0,3943698490.0,0.16,0.0,3943698490.0,6367750144.0,19755623000.0,136.5352775739202,OCF,Uptrend ↗,Flat ➡,136.5x,538.453968,136.5352775739202
015590.KS,015590,DKME,Korea,Industrials,2275.0,KRW,121468979450.0,-4374536630.0,-0.538,0.0,-4374536630.0,-3995881472.0,2623497390.0,-27.767279079795934,OCF,Downtrend ↘,Flat ➡,-27.8x,121.46897945,-27.767279079795934
000210.KS,000210,DL,Korea,Basic Materials,48700.0,KRW,1101340906100.0,514913486080.0,0.262,0.0,514913486080.0,137659891712.0,396020000000.0,2.138885338747739,OCF,Uptrend ↗,Flat ➡,2.1x,1101.3409061,2.138885338747739
000215.KS,000215,DL우,Korea,Basic Materials,24800.0,KRW,519082029600.0,514913486080.0,0.262,0.0,514913486080.0,137659891712.0,396020000000.0,1.0080956192305912,OCF,Uptrend ↗,Flat ➡,1.0x,519.0820296,1.0080956192305912
375500.KS,375500,DL이앤씨,Korea,Industrials,73800.0,KRW,2920864887000.0,232139885990.0,-0.095,13.413,232139885990.0,557323583488.0,68362000000.0,12.582348244652035,OCF,Downtrend ↘,Uptrend ↗,12.6x,2920.864887,12.582348244652035
007340.KS,007340,DN오토모티브,Korea,Consumer Cyclical,50200.0,KRW,2598465954000.0,259273221000.0,0.373,2.141,259273221000.0,387830251520.0,61424614000.0,10.022114678785126,OCF,Uptrend ↗,Uptrend ↗,10.0x,2598.465954,10.022114678785126
004840.KS,004840,DRB동일,Korea,Consumer Cyclical,3995.0,KRW,76993094180.0,43216711650.0,0.064,0.0,43216711650.0,11910371328.0,32960377000.0,1.7815583657439147,OCF,Uptrend ↗,Flat ➡,1.8x,76.99309418,1.7815583657439147
155660.KS,155660,DSR,Korea,Consumer Cyclical,4240.0,KRW,67840000000.0,19763489420.0,0.15,0.0,19763489420.0,31529578496.0,11456997000.0,3.432592218828936,OCF,Uptrend ↗,Flat ➡,3.4x,67.84,3.432592218828936
069730.KS,069730,DSR제강,Korea,Industrials,5410.0,KRW,77904000000.0,16633082930.0,0.04,0.981,16633082930.0,33515833344.0,4842489000.0,4.683677723958778,OCF,Flat ➡,Uptrend ↗,4.7x,77.904,4.683677723958778
017860.KS,017860,DS단석,Korea,Basic Materials,12990.0,KRW,229320705660.0,19017516090.0,0.398,0.0,19017516090.0,-12232852480.0,20374645620.0,12.058394196946884,OCF,Uptrend ↗,Flat ➡,12.1x,229.32070566,12.058394196946884
092780.KS,092780,DYP,Korea,Consumer Cyclical,3360.0,KRW,42406331520.0,-2153036620.0,0.181,0.0,-2153036620.0,12477233152.0,17887995000.0,-19.696056781421582,OCF,Uptrend ↗,Flat ➡,-19.7x,42.40633152,-19.696056781421582
017940.KS,017940,E1,Korea,Energy,90400.0,KRW,522670290400.0,377806668070.0,0.943,3.169,377806668070.0,173622476800.0,165314361000.0,1.3834332069098358,OCF,Uptrend ↗,Uptrend ↗,1.4x,522.6702904,1.3834332069098358
365550.KS,365550,ESR켄달스퀘어리츠,Korea,Real Estate,3120.0,KRW,767797680000.0,21862222050.0,0.035,0.0,21862222050.0,12767004672.0,17946698580.0,24.998538069485416,OCF,Flat ➡,Flat ➡,25.0x,767.79768,24.998538069485416
383220.KS,383220,F&F,Korea,Consumer Cyclical,72200.0,KRW,2706169642800.0,355205411880.0,0.055,0.165,355205411880.0,523247222784.0,79831468000.0,7.618604763021551,OCF,Uptrend ↗,Uptrend ↗,7.6x,2706.1696428,7.618604763021551
007700.KS,007700,F&F홀딩스,Korea,Consumer Cyclical,13410.0,KRW,523927265130.0,361624481600.0,0.056,0.04,361624481600.0,164649287680.0,71749820000.0,1.4488158069716262,OCF,Uptrend ↗,Flat ➡,1.4x,523.92726513,1.4488158069716262
114090.KS,114090,GKL,Korea,Consumer Cyclical,8440.0,KRW,522061854800.0,104661991240.0,0.193,0.062,104661991240.0,47116193792.0,31936413690.0,4.988074931642204,OCF,Uptrend ↗,Uptrend ↗,5.0x,522.0618548,4.988074931642204
078930.KS,078930,GS,Korea,Industrials,107200.0,KRW,10149178331200.0,2193338000000.0,0.249,26.86,2193338000000.0,2330961903616.0,,4.627275108168463,OCF,Uptrend ↗,Uptrend ↗,4.6x,10149.1783312,4.627275108168463
006360.KS,006360,GS건설,Korea,Industrials,32750.0,KRW,2780111311250.0,591530000000.0,-0.13,0.0,591530000000.0,123262197760.0,206630000000.0,4.699865283671158,OCF,Downtrend ↘,Flat ➡,4.7x,2780.11131125,4.699865283671158
001250.KS,001250,GS글로벌,Korea,Industrials,3205.0,KRW,264397122410.0,64858035000.0,0.057,-0.192,64858035000.0,15111616512.0,24777912000.0,4.076551539219466,OCF,Uptrend ↗,Downtrend ↘,4.1x,264.39712241,4.076551539219466
007070.KS,007070,GS리테일,Korea,Consumer Cyclical,22150.0,KRW,1850977818500.0,938584394000.0,0.067,3.285,938584394000.0,138728620032.0,695985000000.0,1.9720952429345422,OCF,Uptrend ↗,Uptrend ↗,2.0x,1850.9778185,1.9720952429345422
078935.KS,078935,GS우,Korea,Industrials,58700.0,KRW,5557432537700.0,2193338000000.0,0.249,26.86,2193338000000.0,2330961903616.0,,2.5337784407601562,OCF,Uptrend ↗,Uptrend ↗,2.5x,5557.4325377,2.5337784407601562
499790.KS,499790,GS피앤엘,Korea,Consumer Cyclical,38350.0,KRW,758740177000.0,119618149530.0,0.417,2.301,119618149530.0,32325539840.0,64630422000.0,6.343018847735221,OCF,Uptrend ↗,Uptrend ↗,6.3x,758.740177,6.343018847735221
012630.KS,012630,HDC,Korea,Industrials,23000.0,KRW,1138539123000.0,467347129180.0,-0.164,2.343,467347129180.0,440772100096.0,142159000000.0,2.436174423490443,OCF,Downtrend ↘,Uptrend ↗,2.4x,1138.539123,2.436174423490443
039570.KS,039570,HDC랩스,Korea,Technology,7450.0,KRW,171158929850.0,56552244190.0,-0.093,0.654,56552244190.0,19122898944.0,3666023000.0,3.026563000310881,OCF,Downtrend ↘,Uptrend ↗,3.0x,171.15892985,3.026563000310881
089470.KS,089470,HDC현대EP,Korea,Consumer Cyclical,3825.0,KRW,99067500000.0,18472059290.0,0.166,0.227,18472059290.0,32249319424.0,12189927000.0,5.363099936217236,OCF,Uptrend ↗,Uptrend ↗,5.4x,99.0675,5.363099936217236
267270.KS,267270,HD건설기계,Korea,Industrials,117200.0,KRW,5576503162000.0,166035785000.0,1.515,12.6,166035785000.0,420450893824.0,58940000000.0,33.58615229843374,OCF,Uptrend ↗,Uptrend ↗,33.6x,5576.503162,33.58615229843374
009540.KS,009540,HD한국조선해양,Korea,Industrials,311500.0,KRW,22027607245000.0,4422050644000.0,0.202,2.612,4422050644000.0,3448323702784.0,555809000000.0,4.9813104865472,OCF,Uptrend ↗,Uptrend ↗,5.0x,22027.607245,4.9813104865472
267250.KS,267250,HD현대,Korea,Energy,191900.0,KRW,13561271717000.0,7384884225000.0,0.302,9.978,7384884225000.0,2734602584064.0,1805992000000.0,1.836355358299473,OCF,Uptrend ↗,Uptrend ↗,1.8x,13561.271717,1.836355358299473
443060.KS,443060,HD현대마린솔루션,Korea,Industrials,221500.0,KRW,9930140702500.0,324127754470.0,0.241,0.566,324127754470.0,334401765376.0,12673960000.0,30.6365023221703,OCF,Uptrend ↗,Uptrend ↗,30.6x,9930.1407025,30.6365023221703
071970.KS,071970,HD현대마린엔진,Korea,Industrials,46900.0,KRW,1590917083700.0,180601821400.0,0.291,0.925,180601821400.0,194700623872.0,3577880000.0,8.808975852886942,OCF,Uptrend ↗,Uptrend ↗,8.8x,1590.9170837,8.808975852886942
322000.KS,322000,HD현대에너지솔루션,Korea,Technology,148500.0,KRW,1663200000000.0,17722056360.0,0.234,1.698,17722056360.0,84363304960.0,10759188000.0,93.84915419600888,OCF,Uptrend ↗,Uptrend ↗,93.8x,1663.2,93.84915419600888
267260.KS,267260,HD현대일렉트릭,Korea,Industrials,678000.0,KRW,24403053312000.0,959572657320.0,0.26,0.451,959572657320.0,850784223232.0,65156000000.0,25.431167849400303,OCF,Uptrend ↗,Uptrend ↗,25.4x,24403.053312,25.431167849400303
329180.KS,329180,HD현대중공업,Korea,Industrials,413500.0,KRW,43389702049000.0,3510392442000.0,0.527,2.298,3510392442000.0,2516298498048.0,315236000000.0,12.360356503126267,OCF,Uptrend ↗,Uptrend ↗,12.4x,43389.702049,12.360356503126267
097230.KS,097230,HJ중공업,Korea,Industrials,15280.0,KRW,1379622077840.0,6330000000.0,0.437,0.0,6330000000.0,140547997696.0,28680000000.0,217.94977533017376,OCF,Uptrend ↗,Flat ➡,217.9x,1379.62207784,217.94977533017376
014790.KS,014790,HL D&I,Korea,Industrials,2475.0,KRW,93700037475.0,75485206170.0,0.095,0.057,75485206170.0,8660579328.0,19785320000.0,1.2413033258990964,OCF,Uptrend ↗,Uptrend ↗,1.2x,93.700037475,1.2413033258990964
003580.KS,003580,HLB글로벌,Korea,Industrials,2155.0,KRW,109167224975.0,-8453730540.0,0.152,0.0,-8453730540.0,1092936704.0,3392437000.0,-12.913497119225662,OCF,Uptrend ↗,Flat ➡,-12.9x,109.167224975,-12.913497119225662
204320.KS,204320,HL만도,Korea,Consumer Cyclical,46700.0,KRW,2192897504000.0,720937744650.0,0.039,11.025,720937744650.0,169060171776.0,323120381000.0,3.0417293591204677,OCF,Flat ➡,Uptrend ↗,3.0x,2192.897504,3.0417293591204677
060980.KS,060980,HL홀딩스,Korea,Consumer Cyclical,37650.0,KRW,338524214550.0,45167129940.0,0.075,14.852,45167129940.0,54864683008.0,35262981000.0,7.494924184903833,OCF,Uptrend ↗,Uptrend ↗,7.5x,338.52421455,7.494924184903833
011200.KS,011200,HMM,Korea,Industrials,21450.0,KRW,20232454456500.0,3305131000000.0,0.297,-0.052,3305131000000.0,1432308940800.0,1116014000000.0,6.121528755289881,OCF,Uptrend ↗,Downtrend ↘,6.1x,20232.4544565,6.121528755289881
035000.KS,035000,HS애드,Korea,Communication Services,6200.0,KRW,100487392800.0,-10882954390.0,0.038,0.0,-10882954390.0,18521796608.0,10919344150.0,-9.233466317963684,OCF,Flat ➡,Flat ➡,-9.2x,100.4873928,-9.233466317963684
002460.KS,002460,HS화성,Korea,Industrials,10950.0,KRW,104438242050.0,52707607940.0,-0.297,-0.654,52707607940.0,25053489152.0,6965511000.0,1.9814642730303347,OCF,Downtrend ↘,Downtrend ↘,2.0x,104.43824205,1.9814642730303347
487570.KS,487570,HS효성,Korea,Industrials,50900.0,KRW,189649684300.0,7570230070.0,0.249,3.748,7570230070.0,46775099392.0,12503000000.0,25.052037064442878,OCF,Uptrend ↗,Uptrend ↗,25.1x,189.6496843,25.052037064442878
298050.KS,298050,HS효성첨단소재,Korea,Consumer Cyclical,162300.0,KRW,727095560400.0,210097417100.0,0.13,0.0,210097417100.0,37107085312.0,221565252000.0,3.4607543987745673,OCF,Uptrend ↗,Flat ➡,3.5x,727.0955604,3.4607543987745673
015360.KS,015360,INVENI,Korea,Utilities,14600.0,KRW,331298236000.0,-70997876000.0,-0.216,-0.851,-70997876000.0,81788846080.0,27565744000.0,-4.666311933049941,OCF,Downtrend ↘,Downtrend ↘,-4.7x,331.298236,-4.666311933049941
294870.KS,294870,IPARK현대산업개발,Korea,Industrials,21800.0,KRW,1368397074400.0,2808096210.0,-0.214,0.617,2808096210.0,184275615744.0,48318000000.0,487.3041990252891,OCF,Downtrend ↘,Uptrend ↗,487.3x,1368.3970744,487.3041990252891
175330.KS,175330,JB금융지주,Korea,Financial Services,28750.0,KRW,5290797266250.0,-1137480000000.0,0.043,0.088,-1137480000000.0,698799030272.0,104302000000.0,-4.651332125619791,OCF,Flat ➡,Uptrend ↗,-4.7x,5290.79726625,-4.651332125619791
234080.KS,234080,JW생명과학,Korea,Healthcare,11040.0,KRW,170949476160.0,40536761520.0,0.016,-0.284,40536761520.0,26019645440.0,16506308000.0,4.217146850166041,OCF,Flat ➡,Downtrend ↘,4.2x,170.94947616,4.217146850166041
001060.KS,001060,JW중외제약,Korea,Healthcare,28000.0,KRW,637175560000.0,96396462540.0,0.162,0.0,96396462540.0,97541169152.0,16725062000.0,6.609947535529139,OCF,Uptrend ↗,Flat ➡,6.6x,637.17556,6.609947535529139
001067.KS,001067,JW중외제약2우B,Korea,Healthcare,50700.0,KRW,1153742889000.0,96396462540.0,0.162,0.0,96396462540.0,97541169152.0,16725062000.0,11.96872643040455,OCF,Uptrend ↗,Flat ➡,12.0x,1153.742889,11.96872643040455
001065.KS,001065,JW중외제약우,Korea,Healthcare,22500.0,KRW,0.0,96396462540.0,0.162,0.0,96396462540.0,97541169152.0,16725062000.0,,OCF,Uptrend ↗,Flat ➡,N/A,0.0,
096760.KS,096760,JW홀딩스,Korea,Healthcare,4290.0,KRW,296828647830.0,163666846610.0,0.167,3.93,163666846610.0,84467589120.0,36452098000.0,1.8136149988721286,OCF,Uptrend ↗,Uptrend ↗,1.8x,296.82864783,1.8136149988721286
008970.KS,008970,KBI동양철관,Korea,Basic Materials,1449.0,KRW,150332344470.0,-31594037080.0,0.099,0.0,-31594037080.0,-4392025088.0,5932481000.0,-4.75825055498099,OCF,Uptrend ↗,Flat ➡,-4.8x,150.33234447,-4.75825055498099
105560.KS,105560,KB금융,Korea,Financial Services,167300.0,KRW,58740052370300.0,4226378000000.0,0.185,0.207,4226378000000.0,6096172875776.0,,13.898437946227242,OCF,Uptrend ↗,Uptrend ↗,13.9x,58740.0523703,13.898437946227242
415640.KS,415640,KB발해인프라,Korea,Financial Services,9930.0,KRW,0.0,,0.0,0.0,,,,,OCF,Flat ➡,Flat ➡,N/A,0.0,
432320.KS,432320,KB스타리츠,Korea,Real Estate,1630.0,KRW,180094691830.0,21590682790.0,-0.024,-0.071,21590682790.0,-42123923456.0,7830246850.0,8.341315259997852,OCF,Flat ➡,Downtrend ↘,8.3x,180.09469183,8.341315259997852
002380.KS,002380,KCC,Korea,Basic Materials,468500.0,KRW,3445429113500.0,789477482250.0,0.072,2.178,789477482250.0,3653623349248.0,409572944860.0,4.364189214973648,OCF,Uptrend ↗,Uptrend ↗,4.4x,3445.4291135,4.364189214973648
344820.KS,344820,KCC글라스,Korea,Industrials,24150.0,KRW,385031491950.0,-17955418410.0,0.125,0.0,-17955418410.0,-55982718976.0,127128607000.0,-21.44374935510066,OCF,Uptrend ↗,Flat ➡,-21.4x,385.03149195,-21.44374935510066
009070.KS,009070,KCTC,Korea,Industrials,4080.0,KRW,122400000000.0,42755836860.0,0.107,0.502,42755836860.0,28493400064.0,51477478000.0,2.862767027594089,OCF,Uptrend ↗,Uptrend ↗,2.9x,122.4,2.862767027594089
009440.KS,009440,KC그린홀딩스,Korea,Industrials,756.0,KRW,17334430596.0,-665230650.0,-0.227,-0.342,-665230650.0,-41990135808.0,5829852000.0,-26.05777499277882,OCF,Downtrend ↘,Downtrend ↘,-26.1x,17.334430596,-26.05777499277882
119650.KS,119650,KC코트렐,Korea,Industrials,459.0,KRW,50391456831.0,-26068347420.0,-0.707,0.0,-26068347420.0,10762624000.0,781843000.0,-1.9330514519819146,OCF,Downtrend ↘,Flat ➡,-1.9x,50.391456831,-1.9330514519819146
092220.KS,092220,KEC,Korea,Technology,3220.0,KRW,129234703220.0,9281736250.0,0.135,0.0,9281736250.0,-28412149760.0,17137909200.0,13.923548325346996,OCF,Uptrend ↗,Flat ➡,13.9x,129.23470322,13.923548325346996
003620.KS,003620,KG모빌리티,Korea,Consumer Cyclical,2585.0,KRW,523139147520.0,117292411520.0,0.251,0.0,117292411520.0,93464567808.0,111414841000.0,4.460127818505952,OCF,Uptrend ↗,Flat ➡,4.5x,523.13914752,4.460127818505952
381970.KS,381970,KG모빌리티플랫폼,Korea,Consumer Cyclical,6260.0,KRW,305618508480.0,77035672320.0,-0.279,0.0,77035672320.0,7564054528.0,47297889000.0,3.967233611079361,OCF,Downtrend ↘,Flat ➡,4.0x,305.61850848,3.967233611079361
016380.KS,016380,KG스틸,Korea,Basic Materials,5690.0,KRW,555041895140.0,184037037090.0,0.113,1.243,184037037090.0,185567395840.0,49477000000.0,3.015924967693143,OCF,Uptrend ↗,Uptrend ↗,3.0x,555.04189514,3.015924967693143
001390.KS,001390,KG케미칼,Korea,Industrials,4230.0,KRW,280037167200.0,383767609240.0,0.183,1.085,383767609240.0,92582739968.0,195388340000.0,0.7297050622760369,OCF,Uptrend ↗,Uptrend ↗,0.7x,280.0371672,0.7297050622760369
001940.KS,001940,KISCO홀딩스,Korea,Basic Materials,25850.0,KRW,310140855200.0,49454112450.0,0.292,0.0,49454112450.0,-21881698304.0,23346052000.0,6.271285436849449,OCF,Uptrend ↗,Flat ➡,6.3x,310.1408552,6.271285436849449
025000.KS,025000,KPX케미칼,Korea,Basic Materials,57300.0,KRW,237607915500.0,78279043040.0,0.229,3.143,78279043040.0,98531975168.0,26596878490.0,3.035396273030371,OCF,Uptrend ↗,Uptrend ↗,3.0x,237.6079155,3.035396273030371
092230.KS,092230,KPX홀딩스,Korea,Industrials,94600.0,KRW,373557331400.0,119479922630.0,0.23,6.837,119479922630.0,302344503296.0,44412581480.0,3.1265280657806866,OCF,Uptrend ↗,Uptrend ↗,3.1x,373.5573314,3.1265280657806866
000040.KS,000040,KR모터스,Korea,Consumer Cyclical,1026.0,KRW,17721805590.0,-6569155520.0,4.808,37.627,-6569155520.0,28436224000.0,149660000.0,-2.6977296451644976,OCF,Uptrend ↗,Uptrend ↗,-2.7x,17.72180559,-2.6977296451644976
044450.KS,044450,KSS해운,Korea,Industrials,11980.0,KRW,270478749500.0,154681497730.0,0.197,0.0,154681497730.0,111414951936.0,116142093610.0,1.7486173425352183,OCF,Uptrend ↗,Flat ➡,1.7x,270.4787495,1.7486173425352183
030200.KS,030200,KT,Korea,Communication Services,51500.0,KRW,12191371541500.0,4941733000000.0,-0.101,-0.351,4941733000000.0,1294447935488.0,3329501000000.0,2.4670235201901844,OCF,Downtrend ↘,Downtrend ↘,2.5x,12191.3715415,2.4670235201901844
033780.KS,033780,KT&G,Korea,Consumer Defensive,177900.0,KRW,18467880122400.0,582875000000.0,0.099,1.642,582875000000.0,1433312034816.0,260358000000.0,31.68411773090285,OCF,Uptrend ↗,Uptrend ↗,31.7x,18467.8801224,31.68411773090285
058850.KS,058850,KTcs,Korea,Industrials,2205.0,KRW,83654897445.0,53449865110.0,-0.039,-0.227,53449865110.0,23968641024.0,24212548940.0,1.565109608281292,OCF,Flat ➡,Downtrend ↘,1.6x,83.654897445,1.565109608281292
058860.KS,058860,KTis,Korea,Communication Services,2630.0,KRW,80406863760.0,36209504060.0,0.104,0.058,36209504060.0,18279776256.0,33665526000.0,2.2206010782904935,OCF,Uptrend ↗,Uptrend ↗,2.2x,80.40686376,2.2206010782904935
093050.KS,093050,LF,Korea,Consumer Cyclical,23800.0,KRW,629230968800.0,270228216570.0,0.021,0.257,270228216570.0,113446477824.0,64407046210.0,2.3285168987414155,OCF,Flat ➡,Uptrend ↗,2.3x,629.2309688,2.3285168987414155
003550.KS,003550,LG,Korea,Technology,113300.0,KRW,17471222899900.0,1015114000000.0,0.19,1.232,1015114000000.0,727503011840.0,204435000000.0,17.21109441885345,OCF,Uptrend ↗,Uptrend ↗,17.2x,17471.2228999,17.21109441885345
034220.KS,034220,LG디스플레이,Korea,Technology,8490.0,KRW,4245000000000.0,2352083000000.0,0.004,0.0,2352083000000.0,-1352107032576.0,4354145000000.0,1.8047832495706997,OCF,Flat ➡,Flat ➡,1.8x,4245.0,1.8047832495706997
051900.KS,051900,LG생활건강,Korea,Consumer Defensive,272500.0,KRW,4566021717500.0,446433049580.0,0.033,0.837,446433049580.0,-82905440256.0,201397274650.0,10.22778605167263,OCF,Flat ➡,Uptrend ↗,10.2x,4566.0217175,10.22778605167263
051905.KS,051905,LG생활건강우,Korea,Consumer Defensive,93800.0,KRW,1375087739200.0,446433049580.0,0.033,0.837,446433049580.0,-82905440256.0,201397274650.0,3.0801656384841345,OCF,Flat ➡,Uptrend ↗,3.1x,1375.0877392,3.0801656384841345
064400.KS,064400,LG씨엔에스,Korea,Technology,72100.0,KRW,6985476850800.0,418168400000.0,0.042,0.201,418168400000.0,481381023744.0,119040789000.0,16.70493717554937,OCF,Flat ➡,Uptrend ↗,16.7x,6985.4768508,16.70493717554937
373220.KS,373220,LG에너지솔루션,Korea,Industrials,381000.0,KRW,89154000000000.0,4432277000000.0,0.283,0.0,4432277000000.0,-1683058982912.0,3413557000000.0,20.114717559394414,OCF,Uptrend ↗,Flat ➡,20.1x,89154.0,20.114717559394414
003555.KS,003555,LG우,Korea,Technology,68500.0,KRW,10356652274000.0,1015114000000.0,0.19,1.232,1015114000000.0,727503011840.0,204435000000.0,10.202452408300939,OCF,Uptrend ↗,Uptrend ↗,10.2x,10356.652274,10.202452408300939
032640.KS,032640,LG유플러스,Korea,Communication Services,14620.0,KRW,6205133441840.0,2963757000000.0,-0.039,0.014,2963757000000.0,535324000256.0,2209841000000.0,2.093671458840924,OCF,Flat ➡,Flat ➡,2.1x,6205.13344184,2.093671458840924
011070.KS,011070,LG이노텍,Korea,Technology,637000.0,KRW,15074290959000.0,1331402000000.0,0.405,0.0,1331402000000.0,663135977472.0,1100548000000.0,11.322118307618586,OCF,Uptrend ↗,Flat ➡,11.3x,15074.290959,11.322118307618586
066570.KS,066570,LG전자,Korea,Technology,227000.0,KRW,40725585809000.0,4280500000000.0,0.149,0.003,4280500000000.0,811718017024.0,3040140000000.0,9.514212313748393,OCF,Uptrend ↗,Flat ➡,9.5x,40725.585809,9.514212313748393
066575.KS,066575,LG전자우,Korea,Technology,79500.0,KRW,14278137672000.0,4280500000000.0,0.149,0.003,4280500000000.0,811718017024.0,3040140000000.0,3.3356237990888915,OCF,Uptrend ↗,Flat ➡,3.3x,14278.137672,3.3356237990888915
037560.KS,037560,LG헬로비전,Korea,Communication Services,1567.0,KRW,121359237455.0,121110045200.0,-0.313,-0.841,121110045200.0,-4237424896.0,88416416980.0,1.0020575688382287,OCF,Downtrend ↘,Downtrend ↘,1.0x,121.359237455,1.0020575688382287
051910.KS,051910,LG화학,Korea,Basic Materials,268000.0,KRW,20977726800000.0,8233859000000.0,0.19,0.0,8233859000000.0,-2135841046528.0,4694488000000.0,2.5477393771255983,OCF,Uptrend ↗,Flat ➡,2.5x,20977.7268,2.5477393771255983
051915.KS,051915,LG화학우,Korea,Basic Materials,119300.0,KRW,9338219430000.0,8233859000000.0,0.19,0.0,8233859000000.0,-2135841046528.0,4694488000000.0,1.1341242824294173,OCF,Uptrend ↗,Flat ➡,1.1x,9338.21943,1.1341242824294173
079550.KS,079550,LIG디펜스앤에어로스페이스,Korea,Industrials,684000.0,KRW,14942151000000.0,-584305263670.0,0.174,-0.228,-584305263670.0,286479417344.0,88761596000.0,-25.572507949267642,OCF,Uptrend ↗,Downtrend ↘,-25.6x,14942.151,-25.572507949267642
006260.KS,006260,LS,Korea,Industrials,299000.0,KRW,8176913862000.0,206330000000.0,0.403,0.876,206330000000.0,428916015104.0,450250000000.0,39.630271225706394,OCF,Uptrend ↗,Uptrend ↗,39.6x,8176.913862,39.630271225706394
010120.KS,010120,LS ELECTRIC,Korea,Industrials,221500.0,KRW,32955955025000.0,299948385880.0,0.322,0.765,299948385880.0,387680534528.0,116494493960.0,109.87208658687248,OCF,Uptrend ↗,Uptrend ↗,109.9x,32955.955025,109.87208658687248
000680.KS,000680,LS네트웍스,Korea,Consumer Cyclical,2995.0,KRW,236015026930.0,54550821210.0,3.332,0.494,54550821210.0,-7394953728.0,17043919000.0,4.326516479402419,OCF,Uptrend ↗,Uptrend ↗,4.3x,236.01502693,4.326516479402419
229640.KS,229640,LS에코에너지,Korea,Industrials,69800.0,KRW,2137616554200.0,72484666160.0,0.4,0.053,72484666160.0,44299890688.0,6655707000.0,29.490603564090417,OCF,Uptrend ↗,Uptrend ↗,29.5x,2137.6165542,29.490603564090417
108320.KS,108320,LX세미콘,Korea,Technology,37700.0,KRW,613164110000.0,137086532830.0,0.06,1.152,137086532830.0,58062241792.0,26479692790.0,4.472825282993919,OCF,Uptrend ↗,Uptrend ↗,4.5x,613.16411,4.472825282993919
001120.KS,001120,LX인터내셔널,Korea,Industrials,43550.0,KRW,1566402088550.0,694419646440.0,0.247,0.297,694419646440.0,119702429696.0,326087000000.0,2.255699556572586,OCF,Uptrend ↗,Uptrend ↗,2.3x,1566.40208855,2.255699556572586
108670.KS,108670,LX하우시스,Korea,Industrials,32850.0,KRW,327834196200.0,195279000000.0,0.147,0.0,195279000000.0,40717000704.0,146567000000.0,1.678799032153995,OCF,Uptrend ↗,Flat ➡,1.7x,327.8341962,1.678799032153995
108675.KS,108675,LX하우시스우,Korea,Industrials,18500.0,KRW,165571207500.0,195279000000.0,0.147,0.0,195279000000.0,40717000704.0,146567000000.0,0.8478700090639546,OCF,Uptrend ↗,Flat ➡,0.8x,165.5712075,0.8478700090639546
383800.KS,383800,LX홀딩스,Korea,Financial Services,8010.0,KRW,610641781290.0,76180000000.0,0.286,0.272,76180000000.0,111312510976.0,3467000000.0,8.015775548569179,OCF,Uptrend ↗,Uptrend ↗,8.0x,610.64178129,8.015775548569179
009810.KS,009810,MDS스피어,Korea,Industrials,1878.0,KRW,28518522996.0,11589743840.0,0.475,0.0,11589743840.0,-7769080832.0,3357505000.0,2.4606689664333428,OCF,Uptrend ↗,Flat ➡,2.5x,28.518522996,2.4606689664333428
023150.KS,023150,MH에탄올,Korea,Consumer Defensive,4560.0,KRW,23855334480.0,23086410820.0,-0.354,-0.515,23086410820.0,-4344612352.0,12230519170.0,1.033306331850158,OCF,Downtrend ↘,Downtrend ↘,1.0x,23.85533448,1.033306331850158
035420.KS,035420,NAVER,Korea,Communication Services,191100.0,KRW,28627608036300.0,3095806604670.0,0.162,0.436,3095806604670.0,2002864308224.0,680038992000.0,9.247221061262508,OCF,Uptrend ↗,Uptrend ↗,9.2x,28627.6080363,9.247221061262508
036570.KS,036570,NC,Korea,Communication Services,236000.0,KRW,4595503864000.0,161967521180.0,1.015,0.0,161967521180.0,617742270464.0,90910794600.0,28.372996206399062,OCF,Uptrend ↗,Flat ➡,28.4x,4595.503864,28.372996206399062
181710.KS,181710,NHN,Korea,Communication Services,58900.0,KRW,1790556701600.0,373978033330.0,0.253,1.268,373978033330.0,70350954496.0,85919942650.0,4.78786597612808,OCF,Uptrend ↗,Uptrend ↗,4.8x,1790.5567016,4.78786597612808
400760.KS,400760,NH올원리츠,Korea,Real Estate,2815.0,KRW,154625909125.0,8096556410.0,0.0,0.0,8096556410.0,-3664026624.0,3696010930.0,4834.430646236314,OCF,Flat ➡,Flat ➡,4834.4x,154.625909125,4834.430646236314
005940.KS,005940,NH투자증권,Korea,Financial Services,26700.0,KRW,10343403833400.0,-5421616000000.0,2.989,0.72,-5421616000000.0,1523859980288.0,69616000000.0,-1.9078082684941169,OCF,Uptrend ↗,Uptrend ↗,-1.9x,10343.4038334,-1.9078082684941169
005945.KS,005945,NH투자증권우,Korea,Financial Services,22300.0,KRW,7931233565400.0,-5421616000000.0,2.989,0.72,-5421616000000.0,1523859980288.0,69616000000.0,-1.4628910578322036,OCF,Uptrend ↗,Uptrend ↗,-1.5x,7931.2335654,-1.4628910578322036
338100.KS,338100,NH프라임리츠,Korea,Real Estate,3820.0,KRW,71281200000.0,2586490730.0,0.065,0.088,2586490730.0,21119830016.0,,3.3750839824941137,OCF,Uptrend ↗,Uptrend ↗,3.4x,71.2812,3.3750839824941137
034310.KS,034310,NICE,Korea,Financial Services,11710.0,KRW,407237815170.0,406018070960.0,0.156,0.0,406018070960.0,59193384960.0,167406396530.0,1.0030041623692167,OCF,Uptrend ↗,Flat ➡,1.0x,407.23781517,1.0030041623692167
030190.KS,030190,NICE평가정보,Korea,Financial Services,16250.0,KRW,946867041250.0,120877944270.0,0.078,0.142,120877944270.0,86515212288.0,17290305000.0,7.833249042811506,OCF,Uptrend ↗,Uptrend ↗,7.8x,946.86704125,7.833249042811506
008260.KS,008260,NI스틸,Korea,Basic Materials,3285.0,KRW,92595293640.0,39894675070.0,0.21,-0.08,39894675070.0,18484383744.0,28089678190.0,2.320993803747754,OCF,Uptrend ↗,Downtrend ↘,2.3x,92.59529364,2.320993803747754
004250.KS,004250,NPC,Korea,Consumer Cyclical,2870.0,KRW,109411463070.0,23741404640.0,0.026,0.042,23741404640.0,12404412416.0,44055798000.0,4.60846629460421,OCF,Flat ➡,Flat ➡,4.6x,109.41146307,4.60846629460421
004255.KS,004255,NPC우,Korea,Consumer Cyclical,1889.0,KRW,62169521260.0,23741404640.0,0.026,0.042,23741404640.0,12404412416.0,44055798000.0,2.61861175455708,OCF,Flat ➡,Flat ➡,2.6x,62.16952126,2.61861175455708
456040.KS,456040,OCI,Korea,Basic Materials,73700.0,KRW,545283379300.0,56057631000.0,0.015,0.0,56057631000.0,8647121920.0,87280240000.0,9.7271927045936,OCF,Flat ➡,Flat ➡,9.7x,545.2833793,9.7271927045936
010060.KS,010060,OCI홀딩스,Korea,Financial Services,242500.0,KRW,2148160787500.0,56057631000.0,0.318,0.0,56057631000.0,37368528896.0,87280240000.0,38.32057739828499,OCF,Uptrend ↗,Flat ➡,38.3x,2148.1607875,38.32057739828499
178920.KS,178920,PI첨단소재,Korea,Basic Materials,20100.0,KRW,590263072200.0,78271937080.0,0.069,0.492,78271937080.0,40857587712.0,31449719750.0,7.541183906010979,OCF,Uptrend ↗,Uptrend ↗,7.5x,590.2630722,7.541183906010979
001340.KS,001340,PKC,Korea,Basic Materials,5260.0,KRW,232801230140.0,25233216150.0,0.081,0.789,25233216150.0,7507524096.0,22129448000.0,9.225983273638308,OCF,Uptrend ↗,Uptrend ↗,9.2x,232.80123014,9.225983273638308
005490.KS,005490,POSCO홀딩스,Korea,Basic Materials,311000.0,KRW,23518062269000.0,4571910000000.0,0.097,3.283,4571910000000.0,1347453845504.0,3693288000000.0,5.144034390222029,OCF,Uptrend ↗,Uptrend ↗,5.1x,23518.062269,5.144034390222029
010950.KS,010950,S-Oil,Korea,Energy,166100.0,KRW,19337468137900.0,3942304000000.0,0.409,0.0,3942304000000.0,1517941030912.0,791140000000.0,4.905118463188024,OCF,Uptrend ↗,Flat ➡,4.9x,19337.4681379,4.905118463188024
010955.KS,010955,S-Oil우,Korea,Energy,87800.0,KRW,9884769137600.0,3942304000000.0,0.409,0.0,3942304000000.0,1517941030912.0,791140000000.0,2.5073584222830103,OCF,Uptrend ↗,Flat ➡,2.5x,9884.7691376,2.5073584222830103
034120.KS,034120,SBS,Korea,Communication Services,11780.0,KRW,218500081320.0,64847454550.0,0.064,0.154,64847454550.0,1883304832.0,37916808000.0,3.3694473104033347,OCF,Uptrend ↗,Uptrend ↗,3.4x,218.50008132,3.3694473104033347
003080.KS,003080,SB성보,Korea,Basic Materials,2230.0,KRW,43681286830.0,-6046397480.0,0.179,0.0,-6046397480.0,-13680729088.0,3660396000.0,-7.224349205371791,OCF,Uptrend ↗,Flat ➡,-7.2x,43.68128683,-7.224349205371791
005090.KS,005090,SGC에너지,Korea,Industrials,48500.0,KRW,698751237000.0,-32741369140.0,-0.067,33.285,-32741369140.0,-47643783168.0,119148031000.0,-21.341539934148276,OCF,Downtrend ↘,Uptrend ↗,-21.3x,698.751237,-21.341539934148276
001380.KS,001380,SG글로벌,Korea,Consumer Cyclical,1105.0,KRW,24841192285.0,8949817110.0,0.057,0.013,8949817110.0,3635600896.0,5798471000.0,2.7756089291750903,OCF,Uptrend ↗,Flat ➡,2.8x,24.841192285,2.7756089291750903
004060.KS,004060,SG세계물산,Korea,Consumer Cyclical,2080.0,KRW,41162164160.0,3364681030.0,-0.052,0.259,3364681030.0,3933922304.0,2696316000.0,12.233600686957242,OCF,Downtrend ↘,Uptrend ↗,12.2x,41.16216416,12.233600686957242
001770.KS,001770,SHD,Korea,Consumer Cyclical,3925.0,KRW,4768396150.0,-5808087500.0,0.068,0.0,-5808087500.0,671483712.0,866143000.0,-0.8209924781608404,OCF,Uptrend ↗,Flat ➡,-0.8x,4.76839615,-0.8209924781608404
002360.KS,002360,SH에너지화학,Korea,Basic Materials,3520.0,KRW,37947476160.0,-3906704290.0,0.114,0.0,-3906704290.0,-5320310784.0,1945485000.0,-9.713424242816187,OCF,Uptrend ↗,Flat ➡,-9.7x,37.94747616,-9.713424242816187
009160.KS,009160,SIMPAC,Korea,Industrials,4960.0,KRW,272793184960.0,48449676630.0,0.245,0.0,48449676630.0,20584933376.0,13775094000.0,5.630443873614766,OCF,Uptrend ↗,Flat ➡,5.6x,272.79318496,5.630443873614766
033530.KS,033530,SJG세종,Korea,Consumer Cyclical,6810.0,KRW,184226156190.0,92738451660.0,0.09,0.523,92738451660.0,97495351296.0,46589771000.0,1.986513176491392,OCF,Uptrend ↗,Uptrend ↗,2.0x,184.22615619,1.986513176491392
123700.KS,123700,SJM,Korea,Consumer Cyclical,3305.0,KRW,51574187890.0,34424780290.0,0.079,2.119,34424780290.0,17993199616.0,6243797370.0,1.4981704300079934,OCF,Uptrend ↗,Uptrend ↗,1.5x,51.57418789,1.4981704300079934
025530.KS,025530,SJM홀딩스,Korea,Consumer Cyclical,3645.0,KRW,49397007195.0,39855523450.0,0.077,13.753,39855523450.0,16086130688.0,6775103980.0,1.2394017922502032,OCF,Uptrend ↗,Uptrend ↗,1.2x,49.397007195,1.2394017922502032
034730.KS,034730,SK,Korea,Industrials,578500.0,KRW,31552482208000.0,6098798000000.0,0.399,9.872,6098798000000.0,8702031036416.0,6632112000000.0,5.173557512152395,OCF,Uptrend ↗,Uptrend ↗,5.2x,31552.482208,5.173557512152395
011790.KS,011790,SKC,Korea,Basic Materials,112100.0,KRW,5442990613800.0,-567575812500.0,0.382,0.0,-567575812500.0,-796148236288.0,143154601000.0,-9.58989177115436,OCF,Uptrend ↗,Flat ➡,-9.6x,5442.9906138,-9.58989177115436
018670.KS,018670,SK가스,Korea,Energy,265500.0,KRW,2395353213000.0,672579940920.0,0.23,0.0,672579940920.0,308344651776.0,249604645000.0,3.5614401608877526,OCF,Uptrend ↗,Flat ➡,3.6x,2395.353213,3.5614401608877526
001740.KS,001740,SK네트웍스,Korea,Industrials,6470.0,KRW,1255008512650.0,222288000000.0,-0.047,0.9,222288000000.0,111672999936.0,135917000000.0,5.6458671302544445,OCF,Flat ➡,Uptrend ↗,5.6x,1255.00851265,5.6458671302544445
006120.KS,006120,SK디스커버리,Korea,Energy,66200.0,KRW,1191782447200.0,660830683500.0,0.223,0.0,660830683500.0,170370318336.0,423793270000.0,1.8034611239415914,OCF,Uptrend ↗,Flat ➡,1.8x,1191.7824472,1.8034611239415914
006125.KS,006125,SK디스커버리우,Korea,Energy,43000.0,KRW,788854608000.0,660830683500.0,0.223,0.0,660830683500.0,170370318336.0,423793270000.0,1.1937318101240981,OCF,Uptrend ↗,Flat ➡,1.2x,788.854608,1.1937318101240981
210980.KS,210980,SK디앤디,Korea,Real Estate,3040.0,KRW,83139592000.0,-265224701320.0,-0.389,0.0,-265224701320.0,-84759126016.0,12210688530.0,-0.3134685102338567,OCF,Downtrend ↘,Flat ➡,-0.3x,83.139592,-0.3134685102338567
395400.KS,395400,SK리츠,Korea,Real Estate,5270.0,KRW,1586362857400.0,23505432790.0,0.0,0.0,23505432790.0,148914438144.0,,10.652847884810134,OCF,Flat ➡,Flat ➡,10.7x,1586.3628574,10.652847884810134
302440.KS,302440,SK바이오사이언스,Korea,Healthcare,38600.0,KRW,3028422945800.0,102507138550.0,-0.038,0.0,102507138550.0,-84698537984.0,75195558000.0,29.543532173838052,OCF,Flat ➡,Flat ➡,29.5x,3028.4229458,29.543532173838052
326030.KS,326030,SK바이오팜,Korea,Healthcare,77200.0,KRW,6045782900000.0,176333532010.0,0.403,1.584,176333532010.0,400956325888.0,12926135000.0,34.28606477216789,OCF,Uptrend ↗,Uptrend ↗,34.3x,6045.7829,34.28606477216789
402340.KS,402340,SK스퀘어,Korea,Technology,1141000.0,KRW,150354246959000.0,387202000000.0,9.672,12.036,387202000000.0,32841538732032.0,82838000000.0,388.3095824892433,OCF,Uptrend ↗,Uptrend ↗,388.3x,150354.246959,388.3095824892433
361610.KS,361610,SK아이이테크놀로지,Korea,Technology,18130.0,KRW,1482800123000.0,-33358864000.0,-0.522,0.0,-33358864000.0,-1580255543296.0,138787850000.0,-44.44995857772615,OCF,Downtrend ↘,Flat ➡,-44.4x,1482.800123,-44.44995857772615
100090.KS,100090,SK오션플랜트,Korea,Industrials,12910.0,KRW,806592645390.0,-39768234440.0,-0.291,0.53,-39768234440.0,48507994112.0,17495798000.0,-20.282334801836377,OCF,Downtrend ↘,Uptrend ↗,-20.3x,806.59264539,-20.282334801836377
096770.KS,096770,SK이노베이션,Korea,Energy,157700.0,KRW,26835700502400.0,2283052527000.0,0.499,0.0,2283052527000.0,-698709245952.0,2865311000000.0,11.754307088879344,OCF,Uptrend ↗,Flat ➡,11.8x,26835.7005024,11.754307088879344
096775.KS,096775,SK이노베이션우,Korea,Energy,73700.0,KRW,12398130910000.0,2283052527000.0,0.499,0.0,2283052527000.0,-698709245952.0,2865311000000.0,5.430506203154037,OCF,Uptrend ↗,Flat ➡,5.4x,12398.13091,5.430506203154037
475150.KS,475150,SK이터닉스,Korea,Utilities,49950.0,KRW,1700506840950.0,-25246577650.0,2.688,0.0,-25246577650.0,7438648320.0,25994981220.0,-67.35593491223156,OCF,Uptrend ↗,Flat ➡,-67.4x,1700.50684095,-67.35593491223156
001510.KS,001510,SK증권,Korea,Financial Services,2320.0,KRW,485386402640.0,-374251666080.0,2.587,1.216,-374251666080.0,69433278464.0,17117885520.0,-1.2969518819356274,OCF,Uptrend ↗,Uptrend ↗,-1.3x,485.38640264,-1.2969518819356274
001515.KS,001515,SK증권우,Korea,Financial Services,4020.0,KRW,0.0,-374251666080.0,2.587,1.216,-374251666080.0,69433278464.0,17117885520.0,,OCF,Uptrend ↗,Uptrend ↗,N/A,0.0,
285130.KS,285130,SK케미칼,Korea,Basic Materials,51700.0,KRW,1001941864000.0,235905765880.0,0.248,-0.372,235905765880.0,2436106496.0,162053151000.0,4.247212272504036,OCF,Uptrend ↗,Downtrend ↘,4.2x,1001.941864,4.247212272504036
017670.KS,017670,SK텔레콤,Korea,Communication Services,88000.0,KRW,18749189536000.0,3923847000000.0,0.005,4.504,3923847000000.0,727561994240.0,,4.778267230093324,OCF,Flat ➡,Uptrend ↗,4.8x,18749.189536,4.778267230093324
000660.KS,000660,SK하이닉스,Korea,Technology,1737000.0,KRW,1235138143500000.0,53373126000000.0,2.568,12.724,53373126000000.0,161965397770240.0,13099311000000.0,23.141573973014058,OCF,Uptrend ↗,Uptrend ↗,23.1x,1235138.1435,23.141573973014058
003570.KS,003570,SNT다이내믹스,Korea,Industrials,31200.0,KRW,777445281600.0,-59125830340.0,0.052,-0.578,-59125830340.0,49152143360.0,9547410000.0,-13.148995576541445,OCF,Uptrend ↗,Downtrend ↘,-13.1x,777.4452816,-13.148995576541445
064960.KS,064960,SNT모티브,Korea,Consumer Cyclical,26750.0,KRW,637566776000.0,73771249140.0,0.002,0.682,73771249140.0,82866364416.0,27870853000.0,8.642483127675558,OCF,Flat ➡,Uptrend ↗,8.6x,637.566776,8.642483127675558
100840.KS,100840,SNT에너지,Korea,Industrials,34650.0,KRW,684722392200.0,102991073810.0,-0.232,0.652,102991073810.0,109748854784.0,4922093000.0,6.648366376519092,OCF,Downtrend ↘,Uptrend ↗,6.6x,684.7223922,6.648366376519092
036530.KS,036530,SNT홀딩스,Korea,Industrials,44950.0,KRW,669578166700.0,120111474930.0,-0.067,-0.621,120111474930.0,99513180160.0,42242355000.0,5.574639451311581,OCF,Downtrend ↘,Downtrend ↘,5.6x,669.5781667,5.574639451311581
000390.KS,000390,SP삼화,Korea,Basic Materials,7110.0,KRW,193416664590.0,22187389830.0,0.0,0.1,22187389830.0,13550412800.0,16157322030.0,8.717414083944096,OCF,Flat ➡,Uptrend ↗,8.7x,193.41666459,8.717414083944096
011810.KS,011810,STX,Korea,Industrials,3530.0,KRW,109359576500.0,34501000000.0,-0.729,0.0,34501000000.0,-244932296704.0,7575000000.0,3.169750920263181,OCF,Downtrend ↘,Flat ➡,3.2x,109.3595765,3.169750920263181
465770.KS,465770,STX그린로지스,Korea,Industrials,2155.0,KRW,15396591450.0,16535914090.0,-0.66,0.0,16535914090.0,-18069032960.0,30876463000.0,0.9311001113213936,OCF,Downtrend ↘,Flat ➡,0.9x,15.39659145,0.9311001113213936
077970.KS,077970,STX엔진,Korea,Industrials,23450.0,KRW,941254062700.0,72871045620.0,-0.003,-0.324,72871045620.0,65305751552.0,12342634000.0,12.9167086143974,OCF,Flat ➡,Downtrend ↘,12.9x,941.2540627,12.9167086143974
002820.KS,002820,SUN&L,Korea,Basic Materials,1033.0,KRW,12461289732.0,-12454338490.0,-0.235,0.0,-12454338490.0,8094010880.0,5782622870.0,-1.0005581381946205,OCF,Downtrend ↘,Flat ➡,-1.0x,12.461289732,-1.0005581381946205
002170.KS,002170,SYTS,Korea,Consumer Cyclical,52300.0,KRW,137873626100.0,34457787050.0,-0.23,0.246,34457787050.0,25148430336.0,4031683520.0,4.001232751828733,OCF,Downtrend ↘,Uptrend ↗,4.0x,137.8736261,4.001232751828733
084870.KS,084870,TBH글로벌,Korea,Consumer Cyclical,2165.0,KRW,42787449240.0,12855790420.0,0.114,-0.313,12855790420.0,-127116040.0,6183501000.0,3.328262817153175,OCF,Uptrend ↗,Downtrend ↘,3.3x,42.78744924,3.328262817153175
002710.KS,002710,TCC스틸,Korea,Basic Materials,14740.0,KRW,386389893780.0,24989426830.0,0.175,0.0,24989426830.0,-17355859968.0,16142778810.0,15.462135102520076,OCF,Uptrend ↗,Flat ➡,15.5x,386.38989378,15.462135102520076
069260.KS,069260,TKG휴켐스,Korea,Basic Materials,15880.0,KRW,609329526760.0,102429389650.0,0.369,0.231,102429389650.0,64478535680.0,51485682300.0,5.94877631158471,OCF,Uptrend ↗,Uptrend ↗,5.9x,609.32952676,5.94877631158471
007980.KS,007980,TP,Korea,Consumer Cyclical,1798.0,KRW,81190995036.0,51969812150.0,0.063,-0.588,51969812150.0,35847692288.0,19452748000.0,1.5622722437721954,OCF,Uptrend ↗,Downtrend ↘,1.6x,81.190995036,1.5622722437721954
002900.KS,002900,TYM,Korea,Industrials,6640.0,KRW,264677325520.0,131270026020.0,-0.0,1.185,131270026020.0,73980067840.0,13802043000.0,2.016281504200162,OCF,Flat ➡,Uptrend ↗,2.0x,264.67732552,2.016281504200162
024070.KS,024070,WISCOM,Korea,Basic Materials,1967.0,KRW,30147103546.0,974901490.0,0.162,3.515,974901490.0,3169660416.0,1291055000.0,30.923230557376623,OCF,Uptrend ↗,Uptrend ↗,30.9x,30.147103546,30.923230557376623
037270.KS,037270,YG PLUS,Korea,Communication Services,3165.0,KRW,201493743150.0,27361290360.0,0.285,-0.559,27361290360.0,20246554624.0,4195055670.0,7.364190083833458,OCF,Uptrend ↗,Downtrend ↘,7.4x,201.49374315,7.364190083833458
139130.KS,139130,iM금융지주,Korea,Financial Services,18550.0,KRW,2937641199850.0,-1477952000000.0,0.245,-0.08,-1477952000000.0,393068609536.0,128229000000.0,-1.987643170989315,OCF,Uptrend ↗,Downtrend ↘,-2.0x,2937.64119985,-1.987643170989315
000500.KS,000500,가온전선,Korea,Technology,344000.0,KRW,5690831560000.0,41739624000.0,0.351,0.596,41739624000.0,64280866816.0,22855386000.0,136.34122722332143,OCF,Uptrend ↗,Uptrend ↗,136.3x,5690.83156,136.34122722332143
000860.KS,000860,강남제비스코,Korea,Basic Materials,12020.0,KRW,156260000000.0,38631317340.0,0.105,0.398,38631317340.0,-2438930688.0,24285000000.0,4.044904775696163,OCF,Uptrend ↗,Uptrend ↗,4.0x,156.26,4.044904775696163
